"id","top","bottom","Horizon","DryRed","DryValue","DryCClass","MoistRed","MoistValue","MoistCClass","Texture","SandPercent","SandSize","ClayPercent","pH","EfferScale","Theta_fc","Theta_pwp","AWHC","HzNum",".id","Depth","DryHue","MoistHue","DryChroma","MoistChroma","Effervescence"
"B1_1",0,5,"A1","2",6,"2","2",4,"2","SiL",40,"VF",5,7.8,"3",0.253328306,0.058631164,19.46971424,NA,1,5,"7.5YR","7.5YR","4",4,"ST"
"B1_1",5,20,"A2","2",6,"2","2",3,"2","SiL",40,"VF",5,8,"4",0.253328306,0.058631164,19.46971424,NA,2,15,"7.5YR","7.5YR","4",4,"VE"
"B1_1",20,25,"BA","3",7,"3","2",4,"2","LS",85,"MIX",5,8,"4",0.070626535,0.045199005,2.542753,NA,3,5,"5YR","7.5YR","6",4,"VE"
"B1_1",25,40,"B","2",5,"2","2",4,"2","LS",85,"MIX",5,8,"4",0.070626535,0.045199005,2.542753,NA,4,15,"7.5YR","7.5YR","4",4,"VE"
"B1_1",40,95,"B2","2",5,"2","2",4,"2","SL",55,"F",7,8,"4",0.194530427,0.066222367,12.83080608,NA,5,55,"7.5YR","7.5YR","4",4,"VE"
"B1_1",95,150,"B3","3",7,"2","2",4,"2","SL",60,"F",7,8,"4",0.181338524,0.065918486,11.54200385,NA,6,55,"5YR","7.5YR","4",4,"VE"
"B1_1",150,188,"Ab","2",6,"2","2",4,"2","LS",85,"MIX",7,8.2,"4",0.081049151,0.049641242,3.140790895,NA,7,38,"7.5YR","7.5YR","4",4,"VE"
"B1_2",0,6,"A","2",6,"2","2",4,"2","SL",60,"F",5,7.8,"0",0.178911483,0.06204064,11.68708431,NA,1,6,"7.5YR","7.5YR","4",4,"NE"
"B1_2",6,15,"B","2",6,"2","2",5,"2","SL",65,"F",5,8.2,"1",0.16366872,0.059024459,10.46442617,NA,2,9,"7.5YR","7.5YR","4",4,"VS"
"B1_2",15,51,"B","2",6,"2","2",4,"2","SL",70,"F",5,8.4,"3",0.144918306,0.053365269,9.155303766,NA,3,36,"7.5YR","7.5YR","4",4,"ST"
"B1_2",51,51,"R",NA,NA,NA,NA,NA,NA,NA,NA,NA,NA,NA,NA,NA,NA,NA,NA,4,0,NA,NA,NA,NA,NA
"B1_3",0,7,"A","3",6,"2","3",4,"2","SL",60,"F",5,7.8,"2",0.178911483,0.06204064,11.68708431,NA,1,7,"5YR","5YR","4",4,"SL"
"B1_3",7,65,"B","3",6,"2","3",4,"2","SL",65,"F",5,8,"3",0.16366872,0.059024459,10.46442617,NA,2,58,"5YR","5YR","4",4,"ST"
"B1_3",65,114,"BC","3",7,"2","3",5,"2","SL",75,"F",10,8.6,"3",0.142929541,0.060082649,8.284689241,NA,3,49,"5YR","5YR","4",4,"ST"
"B1_3",114,200,"C","3",7,"2","3",5,"2","LS",80,"MIX",3,8.1,"3",0.083890239,0.038355544,4.553469578,NA,4,86,"5YR","5YR","4",4,"ST"
"B1_4",0,6,"A","2",6,"2","2",4,"2","SL",55,"F",7,7.6,"2",0.194530427,0.066222367,12.83080608,NA,1,6,"7.5YR","7.5YR","4",4,"SL"
"B1_4",6,12,"B","2",6,"2","2",5,"2","LS",55,"F",7,7.8,"3",0.194530427,0.066222367,12.83080608,NA,2,6,"7.5YR","7.5YR","4",4,"ST"
"B1_4",12,18,"B2","2",7,"2","2",4,"2","LS",75,"MIX",3,7.8,"3",0.112720965,0.041797128,7.092383724,NA,3,6,"7.5YR","7.5YR","4",4,"ST"
"B1_4",18,130,"B3","2",6,"2","2",4,"2","SL",65,"F",10,7.8,"2",0.17465399,0.070339948,10.43140426,NA,4,112,"7.5YR","7.5YR","4",4,"SL"
"B1_4",130,187,"B4","2",6,"3","2",4,"3","SL",75,"F",5,NA,NA,0.121022648,0.046719307,7.430334021,NA,5,57,"7.5YR","7.5YR","6",6,NA
"B1_5",0,6,"A","2",5,"2","2",4,"2","SL",55,"F",5,6.8,"0",0.193537487,0.062486104,13.10513826,NA,1,6,"7.5YR","7.5YR","4",4,"NE"
"B1_5",6,20,"B","2",5,"3","2",4,"2","SL",65,"F",5,7.6,"2",0.16366872,0.059024459,10.46442617,NA,2,14,"7.5YR","7.5YR","6",4,"SL"
"B1_5",20,35,"B2","2",6,"3","2",4,"2","SL",60,"F",5,8.2,"3",0.178911483,0.06204064,11.68708431,NA,3,15,"7.5YR","7.5YR","6",4,"ST"
"B1_5",35,100,"B3","2",7,"2","2",5,"3","SL",70,"F",5,8.4,"4",0.144918306,0.053365269,9.155303766,NA,4,65,"7.5YR","7.5YR","4",6,"VE"
"B1_5",100,153,"B4","2",6,"3","2",4,"3","SL",55,"F",5,8.5,"4",0.193537487,0.062486104,13.10513826,NA,5,53,"7.5YR","7.5YR","6",6,"VE"
"B1_5",153,153,"R",NA,NA,NA,NA,NA,NA,NA,NA,NA,NA,NA,NA,NA,NA,NA,NA,6,0,NA,NA,NA,NA,NA
"B1_6",0,5,"A","2",6,"2","2",4,"2","SL",65,"F",5,7.8,"1",0.16366872,0.059024459,10.46442617,NA,1,5,"7.5YR","7.5YR","4",4,"VS"
"B1_6",5,34,"B","3",6,"2","3",5,"2","LS",70,"F",5,8.2,"2",0.144918306,0.053365269,9.155303766,NA,2,29,"5YR","5YR","4",4,"SL"
"B1_6",34,53,"B2","3",7,"2","3",5,"2","SL",75,"F",7,8.2,"3",0.129567114,0.051883922,7.768319141,NA,3,19,"5YR","5YR","4",4,"ST"
"B1_6",53,59,"Cr","3",8,"2","3",7,"2","SL",65,"M",5,8.4,"4",0.16366872,0.059024459,10.46442617,NA,4,6,"5YR","5YR","3",4,"VE"
"B1_6",59,59,"R",NA,NA,NA,NA,NA,NA,NA,NA,NA,NA,NA,NA,NA,NA,NA,NA,5,0,NA,NA,NA,NA,NA
"B1_7",0,7,"A","2",5,"2","2",3,"2","SL",60,"F",5,7,"0",0.178911483,0.06204064,11.68708431,NA,1,7,"7.5YR","7.5YR","4",3,"NE"
"B1_7",7,20,"AB","2",5,"2","2",4,"2","SL",60,"F",5,7.6,"2",0.178911483,0.06204064,11.68708431,NA,2,13,"7.5YR","7.5YR","4",4,"SL"
"B1_7",20,105,"B","2",6,"2","2",4,"2","SL",60,"F",5,8.2,"3",0.178911483,0.06204064,11.68708431,NA,3,85,"7.5YR","7.5YR","4",4,"ST"
"B1_7",105,116,"C","2",8,"1","2",6,"2","SL",65,"F",5,8.6,"4",0.16366872,0.059024459,10.46442617,NA,4,11,"7.5YR","7.5YR","2",4,"VE"
"B1_8",0,6,"A","2",6,"2","2",4,"2","SL",80,"F",7,7.8,"2",0.104209268,0.047858639,5.635062899,NA,1,6,"7.5YR","7.5YR","4",3,"SL"
"B1_8",6,65,"B","2",7,"2","2",5,"2","SL",70,"F",5,8.1,"3",0.144918306,0.053365269,9.155303766,NA,2,59,"7.5YR","7.5YR","4",4,"ST"
"B1_8",65,113,"BC","2",7,"2","2",4,"2","SL",80,"F",5,8.1,"3",0.093772599,0.042975928,5.079667113,NA,3,48,"7.5YR","7.5YR","4",4,"ST"
"B1_8",113,148,"C","2",7,"2","2",6,"2","SL",80,"F",5,8.1,"3",0.093772599,0.042975928,5.079667113,NA,4,35,"7.5YR","7.5YR","4",4,"ST"
"B1_8",148,200,"Ab","2",6,"2","2",4,"2","SL",60,"F",10,8.1,"3",0.18588602,0.072333525,11.35524954,NA,5,52,"7.5YR","7.5YR","4",4,"ST"
"B1_9",0,4,"A","2",6,"2","2",4,"2","SL",50,"F",5,7.6,"1",0.210873721,0.061173304,14.97004172,NA,1,4,"7.5YR","7.5YR","4",4,"VS"
"B1_9",4,20,"B","3",5,"3","3",4,"2","SL",60,"F",5,7.8,"1",0.178911483,0.06204064,11.68708431,NA,2,16,"5YR","5YR","6",4,"VS"
"B1_9",20,46,"B2","3",6,"2","3",5,"3","SL",55,"F",5,8,"3",0.193537487,0.062486104,13.10513826,NA,3,26,"5YR","5YR","4",6,"ST"
"B1_9",46,75,"B3","3",7,"2","3",5,"2","SL",55,"MIX",7,8.2,"3",0.194530427,0.066222367,12.83080608,NA,4,29,"5YR","5YR","4",4,"ST"
"B1_9",75,100,"B4","3",6,"2","3",4,"2","SL",60,"F",7,8.2,"3",0.181338524,0.065918486,11.54200385,NA,5,25,"5YR","5YR","4",4,"ST"
"B1_9",100,160,"B5","3",6,"3","3",5,"2","L",45,"F",7,8.4,"3",0.230085589,0.063369427,16.67161622,NA,6,60,"5YR","5YR","6",4,"ST"
"B1_9",160,180,"B6","3",7,"2","3",5,"2","SL",55,"F",10,8.6,"4",0.196941126,0.072335852,12.46052744,NA,7,20,"5YR","5YR","4",4,"VE"
"B1_9",180,180,"R",NA,NA,NA,NA,NA,NA,NA,NA,NA,NA,NA,NA,NA,NA,NA,NA,8,0,NA,NA,NA,NA,NA
"B1_10",0,4,"A","2",5,"2","2",3,"2","SL",50,"VF",5,7.8,"1",0.210873721,0.061173304,14.97004172,NA,1,4,"7.5YR","7.5YR","4",3,"VS"
"B1_10",4,21,"B","3",5,"3","3",4,"2","SiL",30,"VF",7,8,"2",0.288987813,0.063144376,22.58434366,NA,2,17,"5YR","5YR","6",4,"SL"
"B1_10",21,28,"B2","2",5,"2","3",4,"2","SL",75,"F",15,8,"3",0.166867273,0.075113473,9.175379918,NA,3,7,"7.5YR","5YR","4",4,"ST"
"B1_10",28,44,"Cr","2",6,"2","2",4,"2","SL",70,"F",5,8.2,"4",0.144918306,0.053365269,9.155303766,NA,4,16,"7.5YR","7.5YR","4",4,"VE"
"B2_1",0,7,"A","2",6,"2","2",4,"2","SL",55,"F",5,7.6,"1",0.193537487,0.062486104,13.10513826,NA,1,7,"7.5YR","7.5YR","4",4,"VS"
"B2_1",7,43,"B","2",6,"2","2",4,"2","SL",65,"F",5,7.8,"2",0.16366872,0.059024459,10.46442617,NA,2,36,"7.5YR","7.5YR","4",4,"SL"
"B2_1",43,94,"B2","3",7,"2","3",5,"2","SL",60,"F",5,8.2,"3",0.178911483,0.06204064,11.68708431,NA,3,51,"5YR","5YR","4",4,"ST"
"B2_1",94,200,"C","3",7,"2","3",5,"2","LS",75,"M",3,8.4,"3",0.112720965,0.041797128,7.092383724,NA,4,106,"5YR","5YR","3",4,"ST"
"B2_2",0,4,"A","2",6,"2","2",5,"2","SL",50,"F",5,7.8,"2",0.210873721,0.061173304,14.97004172,NA,1,4,"7.5YR","7.5YR","4",4,"SL"
"B2_2",4,28,"B","3",7,"3","3",5,"2","SL",50,"F",5,8.2,"2",0.210873721,0.061173304,14.97004172,NA,2,24,"5YR","5YR","6",4,"SL"
"B2_2",28,40,"B2","3",7,"3","3",5,"3","SL",50,"F",5,8.2,"3",0.210873721,0.061173304,14.97004172,NA,3,12,"5YR","5YR","6",6,"ST"
"B2_2",40,99,"C","3",8,"2","3",7,"2","LS",80,"M",3,8.4,"3",0.083890239,0.038355544,4.553469578,NA,4,59,"5YR","5YR","3",4,"ST"
"B2_2",99,128,"Ab","3",6,"3","3",5,"3","SL",60,"F",7,7.8,"0",0.181338524,0.065918486,11.54200385,NA,5,29,"5YR","5YR","8",6,"NE"
"B2_2",128,165,"Bb","3",8,"2","3",6,"3","SL",75,"F",5,8.4,"4",0.121022648,0.046719307,7.430334021,NA,6,37,"5YR","5YR","4",6,"VE"
"B2_2",165,200,"Cb","3",8,"1","3",7,"2","SL",55,"MIX",5,8.4,"4",0.193537487,0.062486104,13.10513826,NA,7,35,"5YR","5YR","1",4,"VE"
"B2_4",0,4,"A","2",6,"3","2",4,"2","SL",65,"VF",5,7.3,"0",0.16366872,0.059024459,10.46442617,NA,1,4,"7.5YR","7.5YR","6",3,"NE"
"B2_4",4,6,"A2","2",6,"2","2",4,"2","SL",50,"F",5,7.8,"0",0.210873721,0.061173304,14.97004172,NA,2,2,"7.5YR","7.5YR","4",3,"NE"
"B2_4",6,19,"B","2",5,"3","2",3,"2","SL",60,"F",7,8,"2",0.181338524,0.065918486,11.54200385,NA,3,13,"7.5YR","7.5YR","6",4,"SL"
"B2_4",19,67,"B2","3",6,"3","2",4,"2","SL",60,"F",7,8,"3",0.181338524,0.065918486,11.54200385,NA,4,48,"5YR","7.5YR","6",4,"ST"
"B2_4",67,107,"2Cr","1",8,"1","1",7,"2","LS",80,"F",3,8.6,"4",0.083890239,0.038355544,4.553469578,NA,5,40,"10YR","10YR","2",3,"VE"
"B2_5",0,7,"A","2",6,"2","2",4,"2","SL",60,"F",5,7.4,"2",0.178911483,0.06204064,11.68708431,NA,1,7,"7.5YR","7.5YR","4",4,"SL"
"B2_5",7,34,"B","3",6,"3","3",4,"3","SL",70,"F",5,8.2,"2",0.144918306,0.053365269,9.155303766,NA,2,27,"5YR","5YR","6",6,"SL"
"B2_5",34,111,"B2","3",7,"3","3",5,"3","SL",70,"F",5,8.2,"3",0.144918306,0.053365269,9.155303766,NA,3,77,"5YR","5YR","6",6,"ST"
"B2_5",111,165,"B3","3",8,"2","3",6,"3","SL",70,"F",5,8.6,"3",0.144918306,0.053365269,9.155303766,NA,4,54,"5YR","5YR","4",6,"ST"
"B2_5",165,185,"B4","3",7,"3","3",5,"3","SL",70,"F",5,8.6,"4",0.144918306,0.053365269,9.155303766,NA,5,20,"5YR","5YR","6",6,"VE"
"B2_5",185,185,"R",NA,NA,NA,NA,NA,NA,NA,NA,NA,NA,NA,NA,NA,NA,NA,NA,6,0,NA,NA,NA,NA,NA
"B2_6",0,6,"A","2",6,"2","2",4,"2","SL",55,"VF",5,7.2,"0",0.193537487,0.062486104,13.10513826,NA,1,6,"7.5YR","7.5YR","4",4,"NE"
"B2_6",6,18,"B","2",6,"3","2",4,"2","SL",60,"VF",5,8,"2",0.178911483,0.06204064,11.68708431,NA,2,12,"7.5YR","7.5YR","6",4,"SL"
"B2_6",18,48,"B2","2",6,"2","2",4,"2","SL",60,"VF",5,8,"3",0.178911483,0.06204064,11.68708431,NA,3,30,"7.5YR","7.5YR","4",4,"ST"
"B2_6",48,148,"C","2",7,"2","2",5,"2","SL",70,"MIX",5,8.2,"3",0.144918306,0.053365269,9.155303766,NA,4,100,"7.5YR","7.5YR","4",4,"ST"
"B2_6",148,175,"Ab","2",5,"2","2",4,"2","SCL",60,"VF",23,8.2,"4",0.217802771,0.107679611,11.01231603,NA,5,27,"7.5YR","7.5YR","4",4,"VE"
"B2_6",175,200,"Bb","2",6,"2","2",6,"3","L",50,"F",18,8.6,"4",0.217291651,0.090263224,12.70284261,NA,6,25,"7.5YR","7.5YR","4",6,"VE"
"B2_7",0,7,"A","2",6,"2","2",4,"2","SL",60,"F",5,7.8,"2",0.178911483,0.06204064,11.68708431,NA,1,7,"7.5YR","7.5YR","4",4,"SL"
"B2_7",7,37,"B","3",6,"3","2",4,"3","SL",60,"F",5,8.1,"3",0.178911483,0.06204064,11.68708431,NA,2,30,"5YR","7.5YR","6",6,"ST"
"B2_7",37,106,"B2","2",7,"2","2",5,"3","SL",60,"F",7,8.3,"3",0.181338524,0.065918486,11.54200385,NA,3,69,"7.5YR","7.5YR","4",6,"ST"
"B2_7",106,106,"R",NA,NA,NA,NA,NA,NA,NA,NA,NA,NA,NA,NA,NA,NA,NA,NA,4,0,NA,NA,NA,NA,NA
"B2_8",0,7,"A","3",6,"2","3",4,"2","SL",75,"VF",11,8.1,"3",0.147561255,0.062948088,8.461316681,NA,1,7,"5YR","5YR","4",3,"ST"
"B2_8",7,15,"BA","3",6,"3","3",4,"2","SL",75,"VF",12,8.2,"4",0.152260151,0.065876753,8.638339797,NA,2,8,"5YR","5YR","6",4,"VE"
"B2_8",15,58,"Bw","3",6,"2","3",4,"3","SL",75,"VF",10,8.2,"4",0.142929541,0.060082649,8.284689241,NA,3,43,"5YR","5YR","4",6,"VE"
"B2_8",58,131,"C","2",6,"2","2",4,"2","SL",70,"VF",12,8.3,"4",0.167856754,0.071423555,9.643319988,NA,4,73,"7.5YR","7.5YR","4",4,"VE"
"B2_8",131,156,"Ab","3",5,"2","3",3,"2","L",50,"VF",18,8.1,"4",0.217291651,0.090263224,12.70284261,NA,5,25,"5YR","5YR","4",4,"VE"
"B2_9",0,5,"A","3",5,"3","3",4,"2","SL",60,"F",7,7.5,"0",0.181338524,0.065918486,11.54200385,NA,1,5,"5YR","5YR","6",4,"NE"
"B2_9",5,17,"B","2",5,"2","2",4,"2","SL",60,"F",7,7.6,"2",0.181338524,0.065918486,11.54200385,NA,2,12,"7.5YR","7.5YR","4",4,"SL"
"B2_9",17,27,"Cr","2",6,"2","2",4,"2","SL",70,"F",7,7.8,"3",0.151075306,0.058220943,9.285436264,NA,3,10,"7.5YR","7.5YR","4",4,"ST"
"B2_9",27,27,"R",NA,NA,NA,NA,NA,NA,NA,NA,NA,NA,NA,NA,NA,NA,NA,NA,4,0,NA,NA,NA,NA,NA
"B2_10",0,5,"A","2",5,"2","2",3,"2","SL",50,"VF",5,6.4,"0",0.210873721,0.061173304,14.97004172,NA,1,5,"7.5YR","7.5YR","4",4,"NE"
"B2_10",5,20,"B","2",4,"3","2",3,"2","L",45,"VF",8,6.4,"0",0.229515315,0.065341083,16.41742319,NA,2,15,"7.5YR","7.5YR","6",4,"NE"
"B2_10",20,175,"B2","2",6,"2","2",4,"2","L",50,"VF",8,8.2,"3",0.21045412,0.066891196,14.3562924,NA,3,155,"7.5YR","7.5YR","4",4,"ST"
"B2_10",175,200,"CB","2",7,"2","2",5,"2","LS",75,"MIX",3,8.6,"4",0.112720965,0.041797128,7.092383724,NA,4,25,"7.5YR","7.5YR","4",4,"VE"
"B3_1",0,6,"A","3",6,"3","3",4,"2","SL",60,"F",5,7.6,"2",0.178911483,0.06204064,11.68708431,NA,1,6,"5YR","5YR","6",4,"SL"
"B3_1",6,13,"B","3",6,"3","3",4,"3","SL",65,"F",7,7.6,"2",0.167764684,0.063338233,10.44264508,NA,2,7,"5YR","5YR","6",6,"SL"
"B3_1",13,52,"Bk","3",7,"2","3",6,"2","L",45,"F",10,8.2,"4",0.2284656,0.069436328,15.90292714,NA,3,39,"5YR","5YR","3",4,"VE"
"B3_1",52,81,"B'","3",7,"2","3",5,"3","SL",74,"MIX",5,8.4,"4",0.126202266,0.047963908,7.823835798,NA,4,29,"5YR","5YR","4",6,"VE"
"B3_1",81,81,"R",NA,NA,NA,NA,NA,NA,NA,NA,NA,NA,NA,NA,NA,NA,NA,NA,5,0,NA,NA,NA,NA,NA
"B3_2",0,4,"A","2",5,"2","2",3,"2","SL",55,"F",5,7.6,"2",0.193537487,0.062486104,13.10513826,NA,1,4,"7.5YR","7.5YR","4",4,"SL"
"B3_2",4,10,"B","2",5,"2","2",3,"2","SL",45,"F",5,7.8,"3",0.231211177,0.059618644,17.1592533,NA,2,6,"7.5YR","7.5YR","4",4,"ST"
"B3_2",10,40,"B2","3",6,"2","3",4,"2","SL",50,"F",5,8.1,"3",0.210873721,0.061173304,14.97004172,NA,3,30,"5YR","5YR","4",4,"ST"
"B3_2",40,67,"Cr","3",8,"1","3",7,"2","SL",55,"MIX",3,8.6,"4",0.192942922,0.059012428,13.39304941,NA,4,27,"5YR","5YR","2",4,"VE"
"B3_2",67,67,"R",NA,NA,NA,NA,NA,NA,NA,NA,NA,NA,NA,NA,NA,NA,NA,NA,5,0,NA,NA,NA,NA,NA
"B3_3",0,5,"A","2",6,"2","2",4,"2","SL",50,"F",5,7.6,"2",0.210873721,0.061173304,14.97004172,NA,1,5,"7.5YR","7.5YR","4",4,"SL"
"B3_3",5,13,"B","2",6,"2","2",4,"2","SL",65,"VF",10,8,"3",0.17465399,0.070339948,10.43140426,NA,2,8,"7.5YR","7.5YR","4",4,"ST"
"B3_3",13,60,"B2","2",7,"2","2",5,"2","SL",55,"F",7,8,"3",0.194530427,0.066222367,12.83080608,NA,3,47,"7.5YR","7.5YR","4",4,"ST"
"B3_3",60,135,"B3","2",7,"2","2",6,"2","SL",50,"F",5,8.2,"3",0.210873721,0.061173304,14.97004172,NA,4,75,"7.5YR","7.5YR","4",4,"ST"
"B3_3",135,165,"Bt","2",6,"2","2",5,"2","SiL",20,"VF",20,8.2,"3",0.297566721,0.092273262,20.52934586,NA,5,30,"7.5YR","7.5YR","4",4,"ST"
"B3_3",165,200,"Ab","3",6,"3","3",4,"3","SL",65,"F",5,7.5,"0",0.16366872,0.059024459,10.46442617,NA,6,35,"5YR","5YR","6",6,"NE"
"B3_4",0,7,"A","2",6,"2","2",4,"2","SL",70,"F",3,7.6,"0",0.138974053,0.048732005,9.024204783,NA,1,7,"7.5YR","7.5YR","4",4,"NE"
"B3_4",7,21,"B","3",6,"3","3",5,"3","SL",65,"F",3,7.8,"2",0.159904349,0.054985829,10.49185197,NA,2,14,"5YR","5YR","6",6,"SL"
"B3_4",21,127,"B2","3",7,"3","3",5,"3","SL",70,"F",3,8.2,"3",0.138974053,0.048732005,9.024204783,NA,3,106,"5YR","5YR","6",6,"ST"
"B3_4",127,148,"Cr","3",8,"2","3",6,"2","LS",75,"F",3,8.6,"3",0.112720965,0.041797128,7.092383724,NA,4,21,"5YR","5YR","3",4,"ST"
"B3_4",148,148,"R",NA,NA,NA,NA,NA,NA,NA,NA,NA,NA,NA,NA,NA,NA,NA,NA,5,0,NA,NA,NA,NA,NA
"B3_5",0,5,"A","2",6,"3","2",4,"3","L",45,"VF",15,7.8,"3",0.227481428,0.080616611,14.6864817,NA,1,5,"7.5YR","7.5YR","6",6,"ST"
"B3_5",5,14,"Ap","2",5,"2","2",4,"2","L",50,"VF",15,7.6,"3",0.213599127,0.082595004,13.10041224,NA,2,9,"7.5YR","7.5YR","4",4,"ST"
"B3_5",14,49,"B","2",4,"2","2",3,"2","SL",60,"VF",18,7.8,"2",0.203324723,0.092677511,11.06472124,NA,3,35,"7.5YR","7.5YR","4",4,"SL"
"B3_5",49,64,"2B","2",5,"2","2",4,"2","L",35,"VF",19,8,"3",0.260148634,0.087764826,17.23838077,NA,4,15,"7.5YR","7.5YR","4",4,"ST"
"B3_5",64,148,"2B2","2",5,"2","2",4,"2","L",35,"VF",18,8,"3",0.260916133,0.085448608,17.54675254,NA,5,84,"7.5YR","7.5YR","4",4,"ST"
"B3_5",148,178,"3B","2",6,"3","2",4,"3","SL",70,"VF",7,8.2,"3",0.151075306,0.058220943,9.285436264,NA,6,30,"7.5YR","7.5YR","6",6,"ST"
"B3_6",0,5,"A","2",6,"2","2",4,"2","SL",70,"F",5,7.6,"1",0.144918306,0.053365269,9.155303766,NA,1,5,"7.5YR","7.5YR","4",3,"VS"
"B3_6",5,18,"B","2",6,"2","2",4,"2","SL",65,"F",5,8.2,"3",0.16366872,0.059024459,10.46442617,NA,2,13,"7.5YR","7.5YR","4",4,"ST"
"B3_6",18,80,"Bt","3",7,"3","3",5,"3","SL",55,"F",18,8.2,"3",0.209401718,0.091892628,11.75090901,NA,3,62,"5YR","5YR","6",6,"ST"
"B3_6",80,105,"B'","3",7,"3","3",5,"3","SL",60,"F",7,8.6,"2",0.181338524,0.065918486,11.54200385,NA,4,25,"5YR","5YR","6",6,"SL"
"B3_6",105,169,"B'2","3",8,"2","3",5,"3","SL",60,"F",7,8.8,"3",0.181338524,0.065918486,11.54200385,NA,5,64,"5YR","5YR","4",6,"ST"
"B3_6",169,169,"R",NA,NA,NA,NA,NA,NA,NA,NA,NA,NA,NA,NA,NA,NA,NA,NA,6,0,NA,NA,NA,NA,NA
"B3_7",0,6,"A","2",6,"3","2",4,"2","SL",65,"F",3,7.6,"0",0.159904349,0.054985829,10.49185197,NA,1,6,"7.5YR","7.5YR","6",3,"NE"
"B3_7",6,32,"B","3",6,"3","3",5,"3","SL",70,"F",7,8,"3",0.151075306,0.058220943,9.285436264,NA,2,26,"5YR","5YR","6",6,"ST"
"B3_7",32,68,"B2","3",8,"2","3",6,"2","SL",70,"F",5,8.2,"3",0.144918306,0.053365269,9.155303766,NA,3,36,"5YR","5YR","4",4,"ST"
"B3_7",68,108,"B3","3",6,"3","3",4,"3","SL",75,"F",5,8.4,"3",0.121022648,0.046719307,7.430334021,NA,4,40,"5YR","5YR","6",6,"ST"
"B3_7",108,135,"B4","3",7,"2","3",5,"3","LS",80,"F",3,8.4,"3",0.083890239,0.038355544,4.553469578,NA,5,27,"5YR","5YR","4",6,"ST"
"B3_7",135,135,"R",NA,NA,NA,NA,NA,NA,NA,NA,NA,NA,NA,NA,NA,NA,NA,NA,6,0,NA,NA,NA,NA,NA
"B3_8",0,5,"A","2",5,"3","2",3,"2","SL",70,"VF",5,7.3,"0",0.144918306,0.053365269,9.155303766,NA,1,5,"7.5YR","7.5YR","6",4,"NE"
"B3_8",5,50,"A2","2",5,"3","2",3,"2","SL",75,"VF",10,8.2,"2",0.142929541,0.060082649,8.284689241,NA,2,45,"7.5YR","7.5YR","6",4,"SL"
"B3_8",50,67,"AC","2",6,"2","2",5,"2","SL",75,"VF",10,8.2,"3",0.142929541,0.060082649,8.284689241,NA,3,17,"7.5YR","7.5YR","4",4,"ST"
"B3_8",67,95,"Cr","2",7,"2","2",5,"3","SL",60,"VF",10,8.4,"4",0.18588602,0.072333525,11.35524954,NA,4,28,"7.5YR","7.5YR","4",6,"VE"
"B3_9",0,7,"A","2",5,"2","2",4,"2","SL",70,"F",5,7.6,"1",0.144918306,0.053365269,9.155303766,NA,1,7,"7.5YR","7.5YR","4",3,"VS"
"B3_9",7,34,"B","2",6,"3","3",5,"2","LS",80,"F",5,8.4,"3",0.093772599,0.042975928,5.079667113,NA,2,27,"7.5YR","5YR","6",4,"ST"
"B3_9",34,130,"C","2",7,"2","3",5,"2","LS",80,"F",5,8.4,"3",0.093772599,0.042975928,5.079667113,NA,3,96,"7.5YR","5YR","4",4,"ST"
"B3_9",130,200,"Ab","2",6,"3","2",5,"2","LS",80,"F",7,8.4,"3",0.104209268,0.047858639,5.635062899,NA,4,70,"7.5YR","7.5YR","6",4,"ST"
"B3_10",0,8,"A","2",5,"2","2",4,"2","SL",45,"F",5,7.8,"2",0.231211177,0.059618644,17.1592533,NA,1,8,"7.5YR","7.5YR","4",4,"SL"
"B3_10",8,20,"B","2",5,"2","2",4,"2","SL",70,"F",15,8,"3",0.178985018,0.080127757,9.885726076,NA,2,12,"7.5YR","7.5YR","4",4,"ST"
"B3_10",20,42,"Cr","2",7,"2","2",5,"2","LS",80,"F",3,8,"3",0.083890239,0.038355544,4.553469578,NA,3,22,"7.5YR","7.5YR","3",3,"ST"
"B4_1",0,11,"A","2",6,"2","2",4,"2","SL",70,"F",5,7.8,"3",0.144918306,0.053365269,9.155303766,NA,1,11,"7.5YR","7.5YR","4",4,"ST"
"B4_1",11,11,"R",NA,NA,NA,NA,NA,NA,NA,NA,NA,NA,NA,NA,NA,NA,NA,NA,2,0,NA,NA,NA,NA,NA
"B4_2",0,7,"A","2",6,"2","2",4,"2","SL",60,"F",5,7.6,"2",0.178911483,0.06204064,11.68708431,NA,1,7,"7.5YR","7.5YR","4",4,"SL"
"B4_2",7,7,"R",NA,NA,NA,NA,NA,NA,NA,NA,NA,NA,NA,NA,NA,NA,NA,NA,2,0,NA,NA,NA,NA,NA
"B4_3",0,5,"A","2",5,"2","2",3,"2","SL",60,"F",3,7.6,"2",0.176876498,0.058447655,11.84288425,NA,1,5,"7.5YR","7.5YR","4",4,"SL"
"B4_3",5,62,"B","2",6,"2","2",4,"3","SL",70,"F",3,7.8,"3",0.138974053,0.048732005,9.024204783,NA,2,57,"7.5YR","7.5YR","4",6,"ST"
"B4_3",62,69,"Cr","2",7,"2","2",6,"2","LS",80,"MIX",3,8,"3",0.083890239,0.038355544,4.553469578,NA,3,7,"7.5YR","7.5YR","3",4,"ST"
"B4_4",0,5,"A","2",5,"2","2",3,"2","SL",60,"F",5,7.8,"3",0.178911483,0.06204064,11.68708431,NA,1,5,"7.5YR","7.5YR","4",4,"ST"
"B4_4",5,14,"B","2",5,"2","2",4,"2","SL",60,"F",7,8.2,"3",0.181338524,0.065918486,11.54200385,NA,2,9,"7.5YR","7.5YR","4",4,"ST"
"B4_4",14,72,"B2","2",6,"2","2",5,"2","SL",60,"F",5,8.2,"4",0.178911483,0.06204064,11.68708431,NA,3,58,"7.5YR","7.5YR","4",4,"VE"
"B4_4",72,83,"B3","2",6,"2","2",4,"3","SL",75,"F",5,8.4,"4",0.121022648,0.046719307,7.430334021,NA,4,11,"7.5YR","7.5YR","4",6,"VE"
"B4_4",83,128,"B4","2",7,"2","2",5,"2","SL",70,"F",5,8.6,"4",0.144918306,0.053365269,9.155303766,NA,5,45,"7.5YR","7.5YR","4",4,"VE"
"B4_4",128,153,"B5","2",6,"2","2",4,"2","SL",65,"F",3,8.4,"3",0.159904349,0.054985829,10.49185197,NA,6,25,"7.5YR","7.5YR","3",4,"ST"
"B4_4",153,153,"R",NA,NA,NA,NA,NA,NA,NA,NA,NA,NA,NA,NA,NA,NA,NA,NA,7,0,NA,NA,NA,NA,NA
"B4_6",0,6,"A","2",5,"2","2",3,"2","SL",65,"F",5,7.6,"2",0.16366872,0.059024459,10.46442617,NA,1,6,"7.5YR","7.5YR","4",4,"SL"
"B4_6",6,47,"B","2",6,"2","2",4,"2","SL",70,"F",5,7.8,"3",0.144918306,0.053365269,9.155303766,NA,2,41,"7.5YR","7.5YR","4",4,"ST"
"B4_6",47,47,"R",NA,NA,NA,NA,NA,NA,NA,NA,NA,NA,NA,NA,NA,NA,NA,NA,3,0,NA,NA,NA,NA,NA
"B4_7",0,5,"A","1",6,"2","2",4,"2","SL",75,"VF",5,7.4,"0",0.121022648,0.046719307,7.430334021,NA,1,5,"10YR","7.5YR","4",3,"NE"
"B4_7",5,19,"B","2",6,"3","2",4,"2","SL",75,"F",7,8,"4",0.129567114,0.051883922,7.768319141,NA,2,14,"7.5YR","7.5YR","6",4,"VE"
"B4_7",19,92,"B2","2",6,"2","2",4,"3","SL",75,"F",7,8,"4",0.129567114,0.051883922,7.768319141,NA,3,73,"7.5YR","7.5YR","4",6,"VE"
"B4_7",92,176,"C","2",8,"2","2",5,"2","LS",80,"F",5,8.5,"3",0.093772599,0.042975928,5.079667113,NA,4,84,"7.5YR","7.5YR","4",4,"ST"
"B4_8",0,6,"A","2",6,"2","2",4,"2","SL",65,"F",5,7.8,"2",0.16366872,0.059024459,10.46442617,NA,1,6,"7.5YR","7.5YR","4",4,"SL"
"B4_8",6,18,"B","2",6,"2","2",4,"2","SL",60,"F",5,8,"3",0.178911483,0.06204064,11.68708431,NA,2,12,"7.5YR","7.5YR","4",4,"ST"
"B4_8",18,112,"B2","2",7,"2","2",5,"2","SL",70,"F",5,8.2,"3",0.144918306,0.053365269,9.155303766,NA,3,94,"7.5YR","7.5YR","4",4,"ST"
"B4_8",112,200,"B3","2",7,"2","2",5,"2","SL",65,"F",5,8.2,"3",0.16366872,0.059024459,10.46442617,NA,4,88,"7.5YR","7.5YR","4",4,"ST"
"B4_9",0,7,"A","2",6,"2","2",5,"2","SL",60,"F",5,7.8,"2",0.178911483,0.06204064,11.68708431,NA,1,7,"7.5YR","7.5YR","4",4,"SL"
"B4_9",7,7,"R",NA,NA,NA,NA,NA,NA,NA,NA,NA,NA,NA,NA,NA,NA,NA,NA,2,0,NA,NA,NA,NA,NA
"B4_10",0,5,"A","3",5,"2","3",4,"2","LS",80,"F",8,8.1,"3",0.109640891,0.050402787,5.923810471,NA,1,5,"5YR","5YR","4",4,"ST"
"B4_10",5,19,"BA","3",5,"2","3",4,"2","SL",75,"VF",12,8.2,"4",0.152260151,0.065876753,8.638339797,NA,2,14,"5YR","5YR","4",4,"VE"
"B4_10",19,36,"Bw","3",6,"2","2",5,"2","SL",75,"F",12,8.2,"4",0.152260151,0.065876753,8.638339797,NA,3,17,"5YR","7.5YR","4",4,"VE"
"B4_10",36,56,"Bkk","2",7,"2","2",6,"2","SL",75,"MIX",10,8.2,"4",0.142929541,0.060082649,8.284689241,NA,4,20,"7.5YR","7.5YR","3",4,"VE"
"B4_10",56,56,"R",NA,NA,NA,NA,NA,NA,NA,NA,NA,NA,NA,NA,NA,NA,NA,NA,5,0,NA,NA,NA,NA,NA
"IL1_1",0,4,"A","2",6,"2","2",4,"2","SL",60,"VF",5,6.6,"0",0.178911483,0.06204064,11.68708431,NA,1,4,"7.5YR","7.5YR","4",4,"NE"
"IL1_1",4,24,"B","2",5,"3","2",4,"2","SL",60,"VF",5,7.4,"2",0.178911483,0.06204064,11.68708431,NA,2,20,"7.5YR","7.5YR","6",4,"SL"
"IL1_1",24,40,"C","2",7,"3","2",5,"3","SL",65,"F",5,8.2,"4",0.16366872,0.059024459,10.46442617,NA,3,16,"7.5YR","7.5YR","6",6,"VE"
"IL1_1",40,40,"R",NA,NA,NA,NA,NA,NA,NA,NA,NA,NA,NA,NA,NA,NA,NA,NA,4,0,NA,NA,NA,NA,NA
"IL1_3",0,7,"A","2",6,"2","2",4,"2","SL",70,"F",7,8.2,"3",0.151075306,0.058220943,9.285436264,NA,1,7,"7.5YR","7.5YR","4",4,"ST"
"IL1_3",7,111,"B","2",6,"2","2",4,"2","SL",65,"F",7,8.1,"3",0.167764684,0.063338233,10.44264508,NA,2,104,"7.5YR","7.5YR","4",4,"ST"
"IL1_3",111,200,"B2","2",6,"2","2",3,"2","SL",55,"F",7,7.8,"3",0.194530427,0.066222367,12.83080608,NA,3,89,"7.5YR","7.5YR","4",4,"ST"
"IL1_4",0,7,"A","2",5,"2","2",3,"2","SL",65,"VF",7,7.6,"0",0.167764684,0.063338233,10.44264508,NA,1,7,"7.5YR","7.5YR","4",4,"NE"
"IL1_4",7,13,"B","2",5,"3","2",4,"2","SL",55,"VF",7,8,"2",0.194530427,0.066222367,12.83080608,NA,2,6,"7.5YR","7.5YR","6",4,"SL"
"IL1_4",13,54,"B2","2",6,"2","2",4,"2","L",50,"F",7,8.4,"3",0.210536887,0.064920459,14.56164285,NA,3,41,"7.5YR","7.5YR","4",4,"ST"
"IL1_4",54,96,"Cr","2",8,"1","2",6,"2","SL",65,"CO",5,8.6,"4",0.16366872,0.059024459,10.46442617,NA,4,42,"7.5YR","7.5YR","1",4,"VE"
"IL1_4",96,96,"R",NA,NA,NA,NA,NA,NA,NA,NA,NA,NA,NA,NA,NA,NA,NA,NA,5,0,NA,NA,NA,NA,NA
"IL1_5",0,8,"A","2",6,"2","2",4,"2","SL",60,"F",5,6.5,"0",0.178911483,0.06204064,11.68708431,NA,1,8,"7.5YR","7.5YR","4",4,"NE"
"IL1_5",8,25,"B","3",5,"3","2",4,"2","SL",70,"F",10,7.6,"0",0.160883369,0.065950224,9.493314452,NA,2,17,"5YR","7.5YR","6",4,"NE"
"IL1_5",25,45,"B2","2",7,"2","2",4,"2","SL",70,"F",10,8,"2",0.160883369,0.065950224,9.493314452,NA,3,20,"7.5YR","7.5YR","4",4,"SL"
"IL1_5",45,80,"CB","2",7,"2","2",5,"2","SL",60,"F",10,8.4,"3",0.18588602,0.072333525,11.35524954,NA,4,35,"7.5YR","7.5YR","3",4,"ST"
"IL1_5",80,114,"C","2",7,"2","3",5,"3","SL",70,"F",5,8.2,"3",0.144918306,0.053365269,9.155303766,NA,5,34,"7.5YR","5YR","4",6,"ST"
"IL1_5",114,121,"C2","2",8,"1","2",7,"2","LS",80,"F",5,8.2,"4",0.093772599,0.042975928,5.079667113,NA,6,7,"7.5YR","7.5YR","2",4,"VE"
"IL1_5",121,121,"R",NA,NA,NA,NA,NA,NA,NA,NA,NA,NA,NA,NA,NA,NA,NA,NA,7,0,NA,NA,NA,NA,NA
"IL1_8",0,7,"A","2",5,"2","2",4,"2","SL",70,"VF",7,7.2,"0",0.151075306,0.058220943,9.285436264,NA,1,7,"7.5YR","7.5YR","4",4,"NE"
"IL1_8",7,20,"B","2",5,"3","2",4,"2","SL",70,"F",7,8,"3",0.151075306,0.058220943,9.285436264,NA,2,13,"7.5YR","7.5YR","6",4,"ST"
"IL1_8",20,62,"B2","2",5,"3","3",4,"2","SL",60,"F",7,8,"3",0.181338524,0.065918486,11.54200385,NA,3,42,"7.5YR","5YR","6",4,"ST"
"IL1_8",62,135,"BC","2",6,"2","2",4,"2","SL",70,"F",7,8.1,"3",0.151075306,0.058220943,9.285436264,NA,4,73,"7.5YR","7.5YR","4",4,"ST"
"IL1_8",135,148,"C","2",6,"2","2",5,"3","SL",80,"CO",5,8.3,"4",0.093772599,0.042975928,5.079667113,NA,5,13,"7.5YR","7.5YR","4",6,"VE"
"IL1_8",148,148,"R",NA,NA,NA,NA,NA,NA,NA,NA,NA,NA,NA,NA,NA,NA,NA,NA,6,0,NA,NA,NA,NA,NA
"IL1_9",0,8,"A","2",5,"2","2",4,"2","SL",65,"MIX",10,7.8,"3",0.17465399,0.070339948,10.43140426,NA,1,8,"7.5YR","7.5YR","4",4,"ST"
"IL1_9",NA,NA,NA,NA,NA,NA,NA,NA,NA,NA,NA,NA,NA,NA,NA,NA,NA,NA,NA,2,NA,NA,NA,NA,NA,NA
"IL1_10",0,5,"A","2",6,"2","2",4,"2","SL",60,"F",7,7.8,"1",0.181338524,0.065918486,11.54200385,NA,1,5,"7.5YR","7.5YR","4",3,"VS"
"IL1_10",5,74,"B","2",6,"2","2",4,"2","SL",60,"F",7,8.1,"3",0.181338524,0.065918486,11.54200385,NA,2,69,"7.5YR","7.5YR","4",4,"ST"
"IL1_10",74,95,"BC","2",6,"2","2",5,"2","SL",70,"F",7,8.1,"3",0.151075306,0.058220943,9.285436264,NA,3,21,"7.5YR","7.5YR","4",4,"ST"
"IL2_1",0,9,"A","2",6,"2","2",4,"2","SL",70,"F",5,7.8,"3",0.144918306,0.053365269,9.155303766,NA,1,9,"7.5YR","7.5YR","4",4,"ST"
"IL2_1",9,9,"R",NA,NA,NA,NA,NA,NA,NA,NA,NA,NA,NA,NA,NA,NA,NA,NA,2,0,NA,NA,NA,NA,NA
"IL2_2",0,5,"A","2",6,"2","2",3,"2","SL",60,"VF",5,7.6,"2",0.178911483,0.06204064,11.68708431,NA,1,5,"7.5YR","7.5YR","4",4,"SL"
"IL2_2",5,45,"B","2",6,"3","2",4,"3","SL",50,"F",5,8.2,"3",0.210873721,0.061173304,14.97004172,NA,2,40,"7.5YR","7.5YR","6",6,"ST"
"IL2_2",45,58,"Cr","4",7,"2","4",5,"2","SL",55,"CO",10,8.4,"4",0.196941126,0.072335852,12.46052744,NA,3,13,"2.5YR","2.5YR","4",4,"VE"
"IL2_3",0,4,"A","2",6,"2","2",4,"2","SL",55,"F",7,6.4,"0",0.194530427,0.066222367,12.83080608,NA,1,4,"7.5YR","7.5YR","4",4,"NE"
"IL2_3",4,24,"B","2",6,"2","2",4,"2","SL",60,"F",7,6.6,"0",0.181338524,0.065918486,11.54200385,NA,2,20,"7.5YR","7.5YR","4",4,"NE"
"IL2_3",24,34,"B2","2",6,"3","2",4,"3","SL",50,"F",5,7.6,"2",0.210873721,0.061173304,14.97004172,NA,3,10,"7.5YR","7.5YR","6",6,"SL"
"IL2_3",34,158,"B3","3",7,"2","3",5,"2","SL",50,"F",5,8.2,"3",0.210873721,0.061173304,14.97004172,NA,4,124,"5YR","5YR","4",4,"ST"
"IL2_3",158,200,"Cr","3",8,"1","3",7,"2","L",50,"MIX",10,8.6,"4",0.2106099,0.071038992,13.95709077,NA,5,42,"5YR","5YR","2",4,"VE"
"IL2_4",0,8,"A","2",5,"2","2",3,"2","SL",65,"F",7,7.6,"2",0.167764684,0.063338233,10.44264508,NA,1,8,"7.5YR","7.5YR","4",3,"SL"
"IL2_4",8,28,"B","2",5,"2","2",4,"2","L",45,"F",7,8,"3",0.230085589,0.063369427,16.67161622,NA,2,20,"7.5YR","7.5YR","4",4,"ST"
"IL2_4",28,43,"B2","2",5,"2","2",4,"2","SL",60,"F",7,8.2,"3",0.181338524,0.065918486,11.54200385,NA,3,15,"7.5YR","7.5YR","4",4,"ST"
"IL2_4",43,43,"R",NA,NA,NA,NA,NA,NA,NA,NA,NA,NA,NA,NA,NA,NA,NA,NA,4,0,NA,NA,NA,NA,NA
"IL2_5",0,6,"A","2",6,"2","2",4,"2","SL",70,"F",5,7.6,"0",0.144918306,0.053365269,9.155303766,NA,1,6,"7.5YR","7.5YR","4",4,"NE"
"IL2_5",6,20,"B","3",5,"3","3",4,"3","SL",70,"F",5,7.8,"1",0.144918306,0.053365269,9.155303766,NA,2,14,"5YR","5YR","6",6,"VS"
"IL2_5",20,38,"B2","3",6,"3","3",5,"2","SL",65,"F",5,8.2,"3",0.16366872,0.059024459,10.46442617,NA,3,18,"5YR","5YR","6",4,"ST"
"IL2_5",38,75,"Ab1","3",6,"2","3",5,"2","SCL",50,"F",30,8.2,"3",0.24397566,0.126120839,11.78548214,NA,4,37,"5YR","5YR","4",4,"ST"
"IL2_5",75,142,"C","3",8,"2","3",6,"3","LS",80,"F",5,8.2,"3",0.093772599,0.042975928,5.079667113,NA,5,67,"5YR","5YR","4",6,"ST"
"IL2_5",142,200,"Ab2","3",6,"2","3",4,"2","CL",40,"F",38,8.2,"3",0.273736878,0.147530833,12.62060452,NA,6,58,"5YR","5YR","4",4,"ST"
"IL2_7",0,7,"A","2",5,"2","2",4,"2","SL",70,"F",7,7.6,"1",0.151075306,0.058220943,9.285436264,NA,1,7,"7.5YR","7.5YR","4",4,"VS"
"IL2_7",7,22,"B","3",5,"3","3",4,"2","SL",70,"F",7,7.6,"2",0.151075306,0.058220943,9.285436264,NA,2,15,"5YR","5YR","6",4,"SL"
"IL2_7",22,32,"B2","2",6,"3","3",4,"2","SL",70,"F",10,8,"3",0.160883369,0.065950224,9.493314452,NA,3,10,"7.5YR","5YR","6",4,"ST"
"IL2_7",32,48,"Bk","1",7,"2","2",5,"2","SL",70,"F",7,8.6,"4",0.151075306,0.058220943,9.285436264,NA,4,16,"10YR","7.5YR","3",4,"VE"
"IL2_7",48,59,"C","2",6,"2","2",5,"2","SL",70,"F",7,8,"4",0.151075306,0.058220943,9.285436264,NA,5,11,"7.5YR","7.5YR","4",4,"VE"
"IL2_7",59,59,"R",NA,NA,NA,NA,NA,NA,NA,NA,NA,NA,NA,NA,NA,NA,NA,NA,6,0,NA,NA,NA,NA,NA
"IL2_8",0,6,"A","3",6,"2","3",4,"2","SL",60,"F",5,7,"0",0.178911483,0.06204064,11.68708431,NA,1,6,"5YR","5YR","4",3,"NE"
"IL2_8",6,18,"B","3",5,"3","3",4,"2","SL",55,"VF",5,7.6,"2",0.193537487,0.062486104,13.10513826,NA,2,12,"5YR","5YR","6",4,"SL"
"IL2_8",18,40,"B2","3",6,"3","3",4,"2","SL",55,"VF",5,7.6,"3",0.193537487,0.062486104,13.10513826,NA,3,22,"5YR","5YR","6",4,"ST"
"IL2_8",40,46,"Cr","3",8,"2","2",6,"2","SL",55,"VF",5,8.2,"4",0.193537487,0.062486104,13.10513826,NA,4,6,"5YR","7.5YR","3",4,"VE"
"IL2_8",46,46,"R",NA,NA,NA,NA,NA,NA,NA,NA,NA,NA,NA,NA,NA,NA,NA,NA,5,0,NA,NA,NA,NA,NA
"IL2_9",0,8,"A","2",5,"2","2",3,"2","SL",75,"F",5,7.8,"2",0.121022648,0.046719307,7.430334021,NA,1,8,"7.5YR","7.5YR","4",4,"SL"
"IL2_9",8,56,"B","2",6,"2","3",4,"3","SL",60,"F",5,8.2,"3",0.178911483,0.06204064,11.68708431,NA,2,48,"7.5YR","5YR","4",6,"ST"
"IL2_9",56,56,"R",NA,NA,NA,NA,NA,NA,NA,NA,NA,NA,NA,NA,NA,NA,NA,NA,3,0,NA,NA,NA,NA,NA
"IL2_10",0,5,"A","2",6,"2","2",4,"2","SL",70,"F",7,6.6,"0",0.151075306,0.058220943,9.285436264,NA,1,5,"7.5YR","7.5YR","4",4,"NE"
"IL2_10",5,10,"B","2",5,"2","2",4,"2","SL",70,"F",5,7.8,"2",0.144918306,0.053365269,9.155303766,NA,2,5,"7.5YR","7.5YR","4",4,"SL"
"IL2_10",10,72,"B2","2",6,"2","2",5,"2","SL",75,"F",7,8.2,"3",0.129567114,0.051883922,7.768319141,NA,3,62,"7.5YR","7.5YR","4",4,"ST"
"IL2_10",72,74,"CB","2",8,"2","2",6,"2","SL",70,"MIX",7,8.4,"3",0.151075306,0.058220943,9.285436264,NA,4,2,"7.5YR","7.5YR","3",4,"ST"
"IL2_10",74,74,"R",NA,NA,NA,NA,NA,NA,NA,NA,NA,NA,NA,NA,NA,NA,NA,NA,5,0,NA,NA,NA,NA,NA
"IL3_1",0,6,"A","2",5,"2","2",3,"2","SiL",40,"F",5,7.6,"2",0.253328306,0.058631164,19.46971424,NA,1,6,"7.5YR","7.5YR","4",4,"SL"
"IL3_1",6,16,"B","3",5,"2","3",4,"2","SiL",40,"F",7,7.8,"2",0.251855662,0.062395066,18.94605953,NA,2,10,"5YR","5YR","4",4,"SL"
"IL3_1",16,34,"BC","3",6,"2","3",4,"2","SiL",40,"F",7,8.1,"3",0.251855662,0.062395066,18.94605953,NA,3,18,"5YR","5YR","4",4,"ST"
"IL3_1",34,34,"R",NA,NA,NA,NA,NA,NA,NA,NA,NA,NA,NA,NA,NA,NA,NA,NA,4,0,NA,NA,NA,NA,NA
"IL3_2",0,5,"A","1",5,"2","1",3,"2","LS",75,"F",5,7.6,"0",0.121022648,0.046719307,7.430334021,NA,1,5,"10YR","10YR","4",4,"NE"
"IL3_2",5,130,"B","2",5,"3","2",4,"2","LS",80,"F",5,8.2,"4",0.093772599,0.042975928,5.079667113,NA,2,125,"7.5YR","7.5YR","6",4,"VE"
"IL3_2",130,181,"B2","2",6,"2","2",5,"2","LS",80,"F",5,8.4,"4",0.093772599,0.042975928,5.079667113,NA,3,51,"7.5YR","7.5YR","4",4,"VE"
"IL3_3",0,6,"A","2",6,"2","2",4,"2","SL",65,"VF",5,7.4,"0",0.16366872,0.059024459,10.46442617,NA,1,6,"7.5YR","7.5YR","4",4,"NE"
"IL3_3",6,30,"B","2",7,"2","2",5,"2","SL",75,"VF",5,8,"3",0.121022648,0.046719307,7.430334021,NA,2,24,"7.5YR","7.5YR","4",4,"ST"
"IL3_3",30,90,"B2","2",7,"2","2",5,"2","SL",75,"VF",7,8.2,"3",0.129567114,0.051883922,7.768319141,NA,3,60,"7.5YR","7.5YR","4",4,"ST"
"IL3_3",90,124,"B3","2",7,"3","2",5,"3","SL",70,"VF",7,8.4,"3",0.151075306,0.058220943,9.285436264,NA,4,34,"7.5YR","7.5YR","6",6,"ST"
"IL3_3",124,200,"B4","2",7,"3","2",5,"3","SL",60,"VF",5,8.4,"3",0.178911483,0.06204064,11.68708431,NA,5,76,"7.5YR","7.5YR","6",6,"ST"
"IL3_4",0,4,"A","2",5,"2","2",3,"2","SL",35,"F",12,6.6,"0",0.267460653,0.072419217,19.50414362,NA,1,4,"7.5YR","7.5YR","4",4,"NE"
"IL3_4",4,14,"A2","2",4,"3","2",3,"2","L",50,"F",12,6.6,"0",0.211303612,0.075450414,13.58531977,NA,2,10,"7.5YR","7.5YR","6",4,"NE"
"IL3_4",14,27,"A3","2",4,"3","2",3,"2","L",45,"F",12,6.6,"0",0.227717096,0.073739899,15.39771965,NA,3,13,"7.5YR","7.5YR","6",4,"NE"
"IL3_4",27,40,"AB","2",5,"2","2",4,"2","SL",70,"F",18,7.4,"2",0.190855946,0.08948603,10.13699161,NA,4,13,"7.5YR","7.5YR","4",4,"SL"
"IL3_4",40,52,"B","2",6,"2","2",4,"3","SL",70,"F",12,7.6,"4",0.167856754,0.071423555,9.643319988,NA,5,12,"7.5YR","7.5YR","4",6,"VE"
"IL3_4",52,86,"B2","2",6,"2","2",4,"2","L",50,"F",15,7.6,"4",0.213599127,0.082595004,13.10041224,NA,6,34,"7.5YR","7.5YR","4",4,"VE"
"IL3_4",86,100,"B3","2",6,"2","2",4,"3","SL",75,"F",18,7.6,"4",0.182026906,0.085063704,9.696320252,NA,7,14,"7.5YR","7.5YR","4",6,"VE"
"IL3_4",100,138,"C","2",6,"2","2",4,"3","SL",60,"F",15,8.2,"4",0.195908228,0.08454388,11.13643481,NA,8,38,"7.5YR","7.5YR","4",6,"VE"
"IL3_4",138,146,"Cr","2",6,"3","2",4,"3","SL",75,"MIX",10,8.2,"3",0.142929541,0.060082649,8.284689241,NA,9,8,"7.5YR","7.5YR","6",6,"ST"
"IL3_6",0,7,"A","2",5,"2","2",4,"2","SL",70,"F",7,7.6,"0",0.151075306,0.058220943,9.285436264,NA,1,7,"7.5YR","7.5YR","4",3,"NE"
"IL3_6",7,42,"B","2",5,"3","3",4,"2","SL",70,"F",7,8,"3",0.151075306,0.058220943,9.285436264,NA,2,35,"7.5YR","5YR","6",4,"ST"
"IL3_6",42,74,"Cr","3",7,"2","4",5,"2","SL",70,"F",7,8.3,"4",0.151075306,0.058220943,9.285436264,NA,3,32,"5YR","2.5YR","3",4,"VE"
"IL3_7",0,4,"A","2",5,"2","2",4,"2","SL",70,"F",7,7.4,"0",0.151075306,0.058220943,9.285436264,NA,1,4,"7.5YR","7.5YR","4",4,"NE"
"IL3_7",4,8,"B","2",5,"3","2",4,"2","SL",70,"F",7,8,"1",0.151075306,0.058220943,9.285436264,NA,2,4,"7.5YR","7.5YR","6",4,"VS"
"IL3_7",8,27,"Cr","3",5,"3","2",4,"2","SL",60,"F",7,8.1,"3",0.181338524,0.065918486,11.54200385,NA,3,19,"5YR","7.5YR","6",4,"ST"
"IL3_7",27,27,"R",NA,NA,NA,NA,NA,NA,NA,NA,NA,NA,NA,NA,NA,NA,NA,NA,4,0,NA,NA,NA,NA,NA
"IL3_9",0,6,"A","2",6,"2","2",4,"2","LS",80,"F",7,7.8,"1",0.104209268,0.047858639,5.635062899,NA,1,6,"7.5YR","7.5YR","4",4,"VS"
"IL3_9",6,18,"BA","2",5,"3","2",4,"2","SL",70,"F",7,8.2,"2",0.151075306,0.058220943,9.285436264,NA,2,12,"7.5YR","7.5YR","6",4,"SL"
"IL3_9",18,57,"B","2",6,"3","2",5,"3","SL",70,"F",7,8.2,"3",0.151075306,0.058220943,9.285436264,NA,3,39,"7.5YR","7.5YR","6",6,"ST"
"IL3_9",57,85,"B2","2",7,"3","2",6,"3","SL",70,"F",7,8.2,"3",0.151075306,0.058220943,9.285436264,NA,4,28,"7.5YR","7.5YR","6",6,"ST"
"IL3_9",85,106,"Cr","1",8,"2","2",8,"3","LS",75,"CO",5,8.4,"4",0.121022648,0.046719307,7.430334021,NA,5,21,"10YR","7.5YR","3",6,"VE"
"IL3_9",106,106,"R",NA,NA,NA,NA,NA,NA,NA,NA,NA,NA,NA,NA,NA,NA,NA,NA,6,0,NA,NA,NA,NA,NA
"IL3_10",0,7,"A","2",6,"2","2",4,"2","SL",55,"F",5,7,"2",0.193537487,0.062486104,13.10513826,NA,1,7,"7.5YR","7.5YR","4",3,"SL"
"IL3_10",7,58,"B","2",7,"2","2",5,"2","SL",70,"F",5,8.1,"2",0.144918306,0.053365269,9.155303766,NA,2,51,"7.5YR","7.5YR","4",4,"SL"
"IL3_10",58,120,"B2","2",7,"2","2",5,"2","SL",65,"F",5,8.2,"3",0.16366872,0.059024459,10.46442617,NA,3,62,"7.5YR","7.5YR","4",4,"ST"
"IL3_10",120,152,"C","2",8,"2","2",5,"3","SL",70,"CO",5,8.4,"3",0.144918306,0.053365269,9.155303766,NA,4,32,"7.5YR","7.5YR","4",6,"ST"
"IL3_10",152,154,"C2","3",7,"2","3",4,"2","SL",75,"VF",7,8.6,"4",0.129567114,0.051883922,7.768319141,NA,5,2,"5YR","5YR","4",4,"VE"
"IL3_10",154,154,"R",NA,NA,NA,NA,NA,NA,NA,NA,NA,NA,NA,NA,NA,NA,NA,NA,6,0,NA,NA,NA,NA,NA
"IL4_2",0,7,"A","2",7,"2","2",5,"2","SL",70,"F",5,7.8,"2",0.144918306,0.053365269,9.155303766,NA,1,7,"7.5YR","7.5YR","4",4,"SL"
"IL4_2",7,70,"B","2",7,"2","2",5,"2","SL",70,"F",5,8.2,"3",0.144918306,0.053365269,9.155303766,NA,2,63,"7.5YR","7.5YR","4",4,"ST"
"IL4_2",70,138,"B2","2",8,"2","2",6,"2","SL",65,"F",5,8.4,"3",0.16366872,0.059024459,10.46442617,NA,3,68,"7.5YR","7.5YR","4",4,"ST"
"IL4_2",138,200,"BC","2",8,"2","2",6,"2","LS",80,"MIX",5,8.4,"3",0.093772599,0.042975928,5.079667113,NA,4,62,"7.5YR","7.5YR","4",4,"ST"
"IL4_3",0,6,"A","2",5,"2","2",3,"2","SiL",40,"F",3,7.8,"2",0.254200407,0.055172901,19.90275063,NA,1,6,"7.5YR","7.5YR","4",4,"SL"
"IL4_3",6,25,"B","3",6,"2","3",4,"2","L",35,"F",15,8.1,"3",0.263902614,0.078769439,18.5133175,NA,2,19,"5YR","5YR","4",4,"ST"
"IL4_3",25,25,"R",NA,NA,NA,NA,NA,NA,NA,NA,NA,NA,NA,NA,NA,NA,NA,NA,3,0,NA,NA,NA,NA,NA
"IL4_4",0,7,"A","3",7,"3","3",5,"2","SL",65,"MIX",7,7.6,"2",0.167764684,0.063338233,10.44264508,NA,1,7,"5YR","5YR","6",4,"SL"
"IL4_4",7,15,"Cr","3",6,"3","3",5,"2","SL",70,"MIX",7,7.8,"3",0.151075306,0.058220943,9.285436264,NA,2,8,"5YR","5YR","6",4,"ST"
"IL4_5",0,6,"A","2",6,"2","2",4,"2","SL",75,"F",7,7.8,"2",0.129567114,0.051883922,7.768319141,NA,1,6,"7.5YR","7.5YR","4",4,"SL"
"IL4_5",6,23,"B","2",5,"3","2",4,"2","LS",80,"F",5,8.1,"3",0.093772599,0.042975928,5.079667113,NA,2,17,"7.5YR","7.5YR","6",4,"ST"
"IL4_5",23,23,"R",NA,NA,NA,NA,NA,NA,NA,NA,NA,NA,NA,NA,NA,NA,NA,NA,3,0,NA,NA,NA,NA,NA
"IL4_7",0,6,"A","2",5,"2","2",3,"2","SL",60,"F",3,7.4,"2",0.176876498,0.058447655,11.84288425,NA,1,6,"7.5YR","7.5YR","4",4,"SL"
"IL4_7",6,110,"B","3",6,"2","3",4,"2","SL",60,"F",7,8.2,"3",0.181338524,0.065918486,11.54200385,NA,2,104,"5YR","5YR","4",4,"ST"
"IL4_7",110,165,"B2","3",7,"2","3",5,"2","SL",65,"F",10,8.2,"3",0.17465399,0.070339948,10.43140426,NA,3,55,"5YR","5YR","3",3,"ST"
"IL4_7",165,200,"B3","3",7,"2","3",4,"2","SL",70,"F",5,8.2,"3",0.144918306,0.053365269,9.155303766,NA,4,35,"5YR","5YR","4",4,"ST"
"IL4_8",0,10,"A","2",7,"2","2",5,"2","SL",70,"F",5,8.1,"2",0.144918306,0.053365269,9.155303766,NA,1,10,"7.5YR","7.5YR","4",4,"SL"
"IL4_8",10,10,"R",NA,NA,NA,NA,NA,NA,NA,NA,NA,NA,NA,NA,NA,NA,NA,NA,2,0,NA,NA,NA,NA,NA
"IL4_9",0,9,"A","2",6,"2","2",4,"2","SL",65,"F",5,7.6,"2",0.16366872,0.059024459,10.46442617,NA,1,9,"7.5YR","7.5YR","4",4,"SL"
"IL4_9",9,22,"B","2",6,"2","2",4,"2","SL",65,"F",3,7.8,"3",0.159904349,0.054985829,10.49185197,NA,2,13,"7.5YR","7.5YR","4",4,"ST"
"IL4_9",22,32,"Bw","2",6,"2","2",5,"2","SL",65,"F",3,7.8,"3",0.159904349,0.054985829,10.49185197,NA,3,10,"7.5YR","7.5YR","4",4,"ST"
"IL4_9",32,32,"R",NA,NA,NA,NA,NA,NA,NA,NA,NA,NA,NA,NA,NA,NA,NA,NA,4,0,NA,NA,NA,NA,NA
"IL4_10",0,7,"A","2",6,"2","2",4,"2","SL",60,"VF",3,7.4,"2",0.176876498,0.058447655,11.84288425,NA,1,7,"7.5YR","7.5YR","4",4,"SL"
"IL4_10",7,102,"B","2",7,"3","2",5,"3","SL",65,"VF",3,8,"3",0.159904349,0.054985829,10.49185197,NA,2,95,"7.5YR","7.5YR","6",6,"ST"
"IL4_10",102,109,"C","2",8,"1","2",5,"2","SL",70,"VF",3,8.2,"3",0.138974053,0.048732005,9.024204783,NA,3,7,"7.5YR","7.5YR","2",4,"ST"
"IL4_10",109,200,"C2","2",8,"2","2",5,"2","LS",75,"VF",3,8.4,"4",0.112720965,0.041797128,7.092383724,NA,4,91,"7.5YR","7.5YR","3",4,"VE"
"M1_1",0,8,"A","2",6,"2","2",4,"2","LS",80,"F",7,7.8,"1",0.104209268,0.047858639,5.635062899,NA,1,8,"7.5YR","7.5YR","4",3,"VS"
"M1_1",8,70,"BA","2",6,"2","2",4,"2","SL",75,"F",7,8.2,"2",0.129567114,0.051883922,7.768319141,NA,2,62,"7.5YR","7.5YR","4",4,"SL"
"M1_1",70,122,"B","2",7,"2","2",5,"2","SL",65,"F",10,8.2,"3",0.17465399,0.070339948,10.43140426,NA,3,52,"7.5YR","7.5YR","4",4,"ST"
"M1_1",122,182,"B2","2",7,"2","2",5,"2","SL",70,"F",7,8.6,"3",0.151075306,0.058220943,9.285436264,NA,4,60,"7.5YR","7.5YR","4",4,"ST"
"M1_2",0,4,"A","2",5,"2","2",4,"2","SL",70,"F",5,8,"2",0.144918306,0.053365269,9.155303766,NA,1,4,"7.5YR","7.5YR","4",3,"SL"
"M1_2",4,79,"B","2",6,"2","2",4,"2","SL",70,"F",5,8.2,"3",0.144918306,0.053365269,9.155303766,NA,2,75,"7.5YR","7.5YR","4",4,"ST"
"M1_2",79,141,"B2","2",6,"2","2",4,"2","SL",70,"F",5,8.2,"4",0.144918306,0.053365269,9.155303766,NA,3,62,"7.5YR","7.5YR","4",4,"VE"
"M1_2",141,187,"B3","2",7,"2","2",5,"2","SL",70,"F",5,8.2,"4",0.144918306,0.053365269,9.155303766,NA,4,46,"7.5YR","7.5YR","4",4,"VE"
"M1_4",0,4,"A","1",5,"2","2",4,"1","LS",80,"F",5,7.6,"0",0.093772599,0.042975928,5.079667113,NA,1,4,"10YR","7.5YR","3",2,"NE"
"M1_4",4,47,"B","2",6,"2","2",4,"2","LS",80,"F",5,8,"2",0.093772599,0.042975928,5.079667113,NA,2,43,"7.5YR","7.5YR","4",4,"SL"
"M1_4",47,76,"B2","2",6,"2","2",4,"2","LS",75,"F",7,8.2,"3",0.129567114,0.051883922,7.768319141,NA,3,29,"7.5YR","7.5YR","4",4,"ST"
"M1_4",76,171,"C","2",7,"2","2",5,"3","LS",80,"M",5,8.4,"3",0.093772599,0.042975928,5.079667113,NA,4,95,"7.5YR","7.5YR","4",6,"ST"
"M1_5",0,6,"A","2",6,"2","2",4,"2","SL",60,"F",7,6.6,"0",0.181338524,0.065918486,11.54200385,NA,1,6,"7.5YR","7.5YR","4",4,"NE"
"M1_5",6,50,"B","3",6,"3","3",4,"3","SL",65,"F",10,7.8,"2",0.17465399,0.070339948,10.43140426,NA,2,44,"5YR","5YR","6",6,"SL"
"M1_5",50,71,"Bt","3",7,"2","3",5,"3","L",40,"F",25,8.2,"3",0.246798409,0.104723514,14.20748947,NA,3,21,"5YR","5YR","4",6,"ST"
"M1_5",71,131,"Bt2","3",6,"2","3",4,"2","L",30,"F",23,8.2,"3",0.273109783,0.096957737,17.61520455,NA,4,60,"5YR","5YR","4",4,"ST"
"M1_5",131,131,"R",NA,NA,NA,NA,NA,NA,NA,NA,NA,NA,NA,NA,NA,NA,NA,NA,5,0,NA,NA,NA,NA,NA
"M1_6",0,9,"A","2",7,"2","2",4,"2","SL",70,"VF",5,7.6,"2",0.144918306,0.053365269,9.155303766,NA,1,9,"7.5YR","7.5YR","4",4,"SL"
"M1_6",9,87,"B","2",7,"3","2",4,"2","SL",75,"VF",7,8.2,"3",0.129567114,0.051883922,7.768319141,NA,2,78,"7.5YR","7.5YR","6",4,"ST"
"M1_6",87,181,"B2","2",8,"2","2",6,"2","SL",75,"VF",7,8.4,"4",0.129567114,0.051883922,7.768319141,NA,3,94,"7.5YR","7.5YR","4",4,"VE"
"M1_7",0,8,"A","2",5,"2","2",4,"1","SL",70,"F",5,7.5,"3",0.144918306,0.053365269,9.155303766,NA,1,8,"7.5YR","7.5YR","3",2,"ST"
"M1_7",8,23,"B","2",6,"2","2",4,"2","SL",70,"F",5,8,"3",0.144918306,0.053365269,9.155303766,NA,2,15,"7.5YR","7.5YR","3",3,"ST"
"M1_7",23,105,"B2","2",5,"2","2",4,"2","SL",70,"F",5,8,"3",0.144918306,0.053365269,9.155303766,NA,3,82,"7.5YR","7.5YR","4",3,"ST"
"M1_7",105,200,"B3","2",5,"2","2",4,"2","SL",60,"F",10,7.6,"3",0.18588602,0.072333525,11.35524954,NA,4,95,"7.5YR","7.5YR","4",4,"ST"
"M1_8",0,7,"A","2",5,"2","2",3,"2","SL",75,"F",7,8,"3",0.129567114,0.051883922,7.768319141,NA,1,7,"7.5YR","7.5YR","4",3,"ST"
"M1_8",7,59,"Bw","2",6,"2","2",4,"2","SL",70,"F",7,8,"3",0.151075306,0.058220943,9.285436264,NA,2,52,"7.5YR","7.5YR","4",4,"ST"
"M1_8",59,96,"AB","2",5,"2","2",4,"2","SL",70,"F",10,8,"3",0.160883369,0.065950224,9.493314452,NA,3,37,"7.5YR","7.5YR","4",4,"ST"
"M1_8",96,171,"C","2",7,"2","2",4,"2","LS",75,"F",5,8,"3",0.121022648,0.046719307,7.430334021,NA,4,75,"7.5YR","7.5YR","4",4,"ST"
"M1_10",0,6,"A","2",6,"2","2",4,"2","SL",70,"F",7,7.3,"1",0.151075306,0.058220943,9.285436264,NA,1,6,"7.5YR","7.5YR","4",3,"VS"
"M1_10",6,126,"B","2",6,"2","2",4,"2","SL",70,"F",7,8,"2",0.151075306,0.058220943,9.285436264,NA,2,120,"7.5YR","7.5YR","4",4,"SL"
"M1_10",126,160,"BC","2",7,"2","2",5,"2","LS",75,"F",5,8.1,"3",0.121022648,0.046719307,7.430334021,NA,3,34,"7.5YR","7.5YR","4",4,"ST"
"M1_10",160,200,"Ab","2",6,"2","2",4,"2","SL",60,"F",10,8.1,"3",0.18588602,0.072333525,11.35524954,NA,4,40,"7.5YR","7.5YR","4",4,"ST"
"M2_1",0,4,"A","2",6,"3","2",4,"2","SL",70,"F",15,6.6,"0",0.178985018,0.080127757,9.885726076,NA,1,4,"7.5YR","7.5YR","6",4,"NE"
"M2_1",4,23,"B","2",6,"3","2",4,"3","SL",65,"F",15,7.4,"0",0.188206748,0.083371782,10.48349657,NA,2,19,"7.5YR","7.5YR","6",6,"NE"
"M2_1",23,78,"B2","2",6,"3","2",5,"3","SL",70,"F",10,8.2,"3",0.160883369,0.065950224,9.493314452,NA,3,55,"7.5YR","7.5YR","6",6,"ST"
"M2_1",78,112,"Cr","2",8,"2","2",6,"2","SL",65,"F",15,8.6,"4",0.188206748,0.083371782,10.48349657,NA,4,34,"7.5YR","7.5YR","3",4,"VE"
"M2_3",0,5,"A","2",5,"2","2",4,"2","LS",80,"F",7,7.4,"0",0.104209268,0.047858639,5.635062899,NA,1,5,"7.5YR","7.5YR","4",3,"NE"
"M2_3",5,13,"B","2",5,"2","2",4,"2","LS",80,"F",7,7.4,"0",0.104209268,0.047858639,5.635062899,NA,2,8,"7.5YR","7.5YR","4",3,"NE"
"M2_3",13,59,"B","2",6,"2","2",4,"2","LS",80,"F",10,8.1,"3",0.120922531,0.055689319,6.523321172,NA,3,46,"7.5YR","7.5YR","4",4,"ST"
"M2_3",59,63,"BC","2",7,"2","2",5,"3","LS",80,"F",7,8.6,"3",0.104209268,0.047858639,5.635062899,NA,4,4,"7.5YR","7.5YR","4",6,"ST"
"M2_3",63,63,"R",NA,NA,NA,NA,NA,NA,NA,NA,NA,NA,NA,NA,NA,NA,NA,NA,5,0,NA,NA,NA,NA,NA
"M2_5",0,4,"A","2",6,"2","2",3,"2","SL",70,"F",5,7.6,"1",0.144918306,0.053365269,9.155303766,NA,1,4,"7.5YR","7.5YR","3",4,"VS"
"M2_5",4,36,"AB","2",6,"2","2",4,"2","SL",75,"F",7,8.2,"3",0.129567114,0.051883922,7.768319141,NA,2,32,"7.5YR","7.5YR","4",4,"ST"
"M2_5",36,88,"B","2",7,"2","2",5,"2","SL",70,"VF",5,8.2,"3",0.144918306,0.053365269,9.155303766,NA,3,52,"7.5YR","7.5YR","4",4,"ST"
"M2_5",88,134,"B2","2",6,"2","2",4,"2","SL",60,"VF",5,8.2,"3",0.178911483,0.06204064,11.68708431,NA,4,46,"7.5YR","7.5YR","3",4,"ST"
"M2_5",134,176,"C","2",7,"2","2",4,"2","SL",75,"MIX",7,8.4,"3",0.129567114,0.051883922,7.768319141,NA,5,42,"7.5YR","7.5YR","3",4,"ST"
"M2_6",0,7,"A","2",6,"2","2",4,"2","SL",70,"F",5,7.4,"3",0.144918306,0.053365269,9.155303766,NA,1,7,"7.5YR","7.5YR","4",4,"ST"
"M2_6",7,70,"B","3",7,"2","3",5,"2","SL",75,"F",5,7.6,"3",0.121022648,0.046719307,7.430334021,NA,2,63,"5YR","5YR","4",4,"ST"
"M2_6",70,90,"Ab","3",6,"2","3",4,"2","SL",70,"F",10,7.4,"2",0.160883369,0.065950224,9.493314452,NA,3,20,"5YR","5YR","4",3,"SL"
"M2_6",90,114,"C","3",7,"2","3",5,"2","LS",80,"F",5,7.4,"2",0.093772599,0.042975928,5.079667113,NA,4,24,"5YR","5YR","3",4,"SL"
"M2_6",114,186,"Ab2","2",5,"2","2",4,"2","L",45,"F",18,7.6,"3",0.228655334,0.088113669,14.05416649,NA,5,72,"7.5YR","7.5YR","4",4,"ST"
"M2_7",0,8,"A","2",5,"2","2",5,"2","SL",60,"F",5,8.1,"3",0.178911483,0.06204064,11.68708431,NA,1,8,"7.5YR","7.5YR","4",4,"ST"
"M2_7",8,70,"Bw","2",6,"2","2",6,"2","LS",80,"F",5,8.1,"3",0.093772599,0.042975928,5.079667113,NA,2,62,"7.5YR","7.5YR","4",4,"ST"
"M2_7",70,118,"Ab","2",5,"2","2",5,"2","SL",75,"F",7,8,"3",0.129567114,0.051883922,7.768319141,NA,3,48,"7.5YR","7.5YR","4",4,"ST"
"M2_7",118,200,"C","2",7,"2","2",7,"2","LS",80,"F",5,8,"3",0.093772599,0.042975928,5.079667113,NA,4,82,"7.5YR","7.5YR","4",4,"ST"
"M2_8",0,6,"A","2",6,"2","2",4,"1","SL",75,"F",5,7.6,"2",0.121022648,0.046719307,7.430334021,NA,1,6,"7.5YR","7.5YR","3",2,"SL"
"M2_8",6,33,"B","2",6,"2","2",4,"2","LS",80,"M",3,8,"2",0.083890239,0.038355544,4.553469578,NA,2,27,"7.5YR","7.5YR","4",4,"SL"
"M2_8",33,104,"BC","2",7,"2","2",5,"2","LS",75,"M",3,8.2,"3",0.112720965,0.041797128,7.092383724,NA,3,71,"7.5YR","7.5YR","4",4,"ST"
"M2_8",104,200,"Ab","2",6,"2","2",4,"2","SL",60,"F",7,8.2,"3",0.181338524,0.065918486,11.54200385,NA,4,96,"7.5YR","7.5YR","4",4,"ST"
"M2_9",0,5,"A","1",6,"2","2",3,"2","LS",80,"F",5,7.4,"0",0.093772599,0.042975928,5.079667113,NA,1,5,"10YR","7.5YR","4",3,"NE"
"M2_9",5,67,"B","2",6,"3","3",4,"2","SL",70,"F",7,8,"3",0.151075306,0.058220943,9.285436264,NA,2,62,"7.5YR","5YR","6",4,"ST"
"M2_9",67,180,"B2","2",7,"2","2",5,"2","LS",80,"F",7,8.4,"3",0.104209268,0.047858639,5.635062899,NA,3,113,"7.5YR","7.5YR","4",4,"ST"
"M2_10",0,6,"A","2",6,"2","2",6,"2","SL",75,"F",5,7.6,"2",0.121022648,0.046719307,7.430334021,NA,1,6,"7.5YR","7.5YR","4",4,"SL"
"M2_10",6,17,"B","2",7,"2","2",7,"2","LS",80,"F",3,7.8,"3",0.083890239,0.038355544,4.553469578,NA,2,11,"7.5YR","7.5YR","4",4,"ST"
"M2_10",17,73,"B2","2",7,"2","2",7,"2","L",75,"M",3,8,"3",0.112720965,0.041797128,7.092383724,NA,3,56,"7.5YR","7.5YR","4",4,"ST"
"M2_10",73,110,"B3","3",8,"2","3",8,"2","LS",75,"F",3,8.1,"3",0.112720965,0.041797128,7.092383724,NA,4,37,"5YR","5YR","4",4,"ST"
"M2_10",110,150,"B4","2",7,"2","2",7,"2","LS",75,"F",3,8.2,"3",0.112720965,0.041797128,7.092383724,NA,5,40,"7.5YR","7.5YR","4",4,"ST"
"M2_10",150,200,"B5","2",7,"2","2",7,"2","SL",70,"F",5,8.2,"3",0.144918306,0.053365269,9.155303766,NA,6,50,"7.5YR","7.5YR","4",4,"ST"
"M3_1",0,8,"A","2",6,"2","2",4,"2","SL",55,"F",5,7.6,"2",0.193537487,0.062486104,13.10513826,NA,1,8,"7.5YR","7.5YR","4",3,"SL"
"M3_1",8,35,"B","3",7,"2","3",5,"3","SL",60,"F",5,8.1,"3",0.178911483,0.06204064,11.68708431,NA,2,27,"5YR","5YR","4",6,"ST"
"M3_1",35,76,"B2","3",7,"2","3",6,"3","LS",75,"F",3,8.2,"3",0.112720965,0.041797128,7.092383724,NA,3,41,"5YR","5YR","4",6,"ST"
"M3_1",76,140,"B3","3",7,"2","3",5,"2","SL",70,"F",5,8.2,"3",0.144918306,0.053365269,9.155303766,NA,4,64,"5YR","5YR","4",4,"ST"
"M3_1",140,186,"B4","3",7,"2","3",5,"2","LS",75,"F",3,8.6,"3",0.112720965,0.041797128,7.092383724,NA,5,46,"5YR","5YR","4",4,"ST"
"M3_2",0,5,"A","2",5,"2","2",4,"2","SL",60,"F",7,7,"0",0.181338524,0.065918486,11.54200385,NA,1,5,"7.5YR","7.5YR","4",4,"NE"
"M3_2",5,28,"B","3",5,"3","3",4,"2","SL",65,"F",7,8,"3",0.167764684,0.063338233,10.44264508,NA,2,23,"5YR","5YR","6",4,"ST"
"M3_2",28,60,"B2","3",6,"2","3",4,"2","SL",70,"F",7,8.2,"3",0.151075306,0.058220943,9.285436264,NA,3,32,"5YR","5YR","4",4,"ST"
"M3_2",60,91,"C","2",8,"1","2",6,"2","LS",80,"MIX",5,8.6,"3",0.093772599,0.042975928,5.079667113,NA,4,31,"7.5YR","7.5YR","1",4,"ST"
"M3_3",0,7,"A","2",6,"2","2",4,"2","SL",65,"F",5,7.6,"2",0.16366872,0.059024459,10.46442617,NA,1,7,"7.5YR","7.5YR","4",4,"SL"
"M3_3",7,14,"B","2",7,"3","2",4,"2","SL",65,"F",5,8,"2",0.16366872,0.059024459,10.46442617,NA,2,7,"7.5YR","7.5YR","6",4,"SL"
"M3_3",14,80,"Bw","2",6,"3","2",4,"2","SL",70,"F",5,8.2,"3",0.144918306,0.053365269,9.155303766,NA,3,66,"7.5YR","7.5YR","6",4,"ST"
"M3_3",80,170,"C","2",7,"3","2",5,"2","SL",75,"F",5,8.4,"4",0.121022648,0.046719307,7.430334021,NA,4,90,"7.5YR","7.5YR","6",4,"VE"
"M3_5",0,7,"A","2",6,"2","2",4,"2","SL",55,"F",12,7.6,"1",0.199256453,0.076806297,12.2450156,NA,1,7,"7.5YR","7.5YR","4",4,"VS"
"M3_5",7,29,"B","2",6,"3","2",4,"3","SL",50,"F",5,8.2,"2",0.210873721,0.061173304,14.97004172,NA,2,22,"7.5YR","7.5YR","6",6,"SL"
"M3_5",29,116,"C","2",7,"2","2",5,"2","LS",75,"M",3,8.2,"3",0.112720965,0.041797128,7.092383724,NA,3,87,"7.5YR","7.5YR","4",4,"ST"
"M3_5",116,183,"C2","2",5,"2","2",3,"2","SL",70,"F",3,8.8,"3",0.138974053,0.048732005,9.024204783,NA,4,67,"7.5YR","7.5YR","4",4,"ST"
"M3_7",0,6,"A","2",6,"2","2",6,"2","LS",85,"F",5,8,"1",0.070626535,0.045199005,2.542753,NA,1,6,"7.5YR","7.5YR","4",4,"VS"
"M3_7",6,35,"Bw","2",6,"2","2",6,"2","SL",70,"F",5,8.2,"3",0.144918306,0.053365269,9.155303766,NA,2,29,"7.5YR","7.5YR","4",4,"ST"
"M3_7",35,160,"B","2",6,"2","2",6,"2","LS",75,"F",5,8.2,"3",0.121022648,0.046719307,7.430334021,NA,3,125,"7.5YR","7.5YR","4",4,"ST"
"M3_7",160,189,"Ab","2",6,"2","2",6,"2","LS",80,"F",5,8.4,"3",0.093772599,0.042975928,5.079667113,NA,4,29,"7.5YR","7.5YR","4",4,"ST"
"M3_8",0,6,"A","2",6,"2","2",4,"2","SL",55,"F",7,7.4,"1",0.194530427,0.066222367,12.83080608,NA,1,6,"7.5YR","7.5YR","4",3,"VS"
"M3_8",6,16,"B","3",6,"3","3",4,"3","SL",60,"F",5,7.8,"3",0.178911483,0.06204064,11.68708431,NA,2,10,"5YR","5YR","6",6,"ST"
"M3_8",16,34,"B2","3",7,"2","3",4,"3","SL",70,"F",10,8,"3",0.160883369,0.065950224,9.493314452,NA,3,18,"5YR","5YR","4",6,"ST"
"M3_8",34,79,"B3","3",8,"2","3",6,"3","SL",60,"F",10,8.2,"3",0.18588602,0.072333525,11.35524954,NA,4,45,"5YR","5YR","4",6,"ST"
"M3_8",79,136,"B4","3",6,"2","3",5,"2","SL",55,"F",15,8.8,"3",0.203763404,0.084082493,11.96809109,NA,5,57,"5YR","5YR","4",4,"ST"
"M3_8",136,186,"B5","3",8,"2","3",7,"2","SL",65,"F",10,8.6,"3",0.17465399,0.070339948,10.43140426,NA,6,50,"5YR","5YR","3",4,"ST"
"M4_2",0,8,"A","2",6,"2","2",4,"2","SL",60,"F",3,7.4,"1",0.176876498,0.058447655,11.84288425,NA,1,8,"7.5YR","7.5YR","4",4,"VS"
"M4_2",8,20,"B","2",6,"2","2",4,"2","SL",65,"F",3,7.6,"3",0.159904349,0.054985829,10.49185197,NA,2,12,"7.5YR","7.5YR","4",4,"ST"
"M4_2",20,31,"B2","2",6,"2","2",3,"2","SL",70,"F",5,7.6,"3",0.144918306,0.053365269,9.155303766,NA,3,11,"7.5YR","7.5YR","4",4,"ST"
"M4_2",31,68,"C","2",6,"2","2",5,"2","SL",70,"F",3,8.2,"3",0.138974053,0.048732005,9.024204783,NA,4,37,"7.5YR","7.5YR","4",4,"ST"
"M4_2",68,90,"Ab","2",7,"2","2",5,"2","SL",65,"F",5,8.2,"3",0.16366872,0.059024459,10.46442617,NA,5,22,"7.5YR","7.5YR","4",4,"ST"
"M4_2",90,156,"C2","2",8,"2","2",6,"2","SL",70,"F",3,8.4,"2",0.138974053,0.048732005,9.024204783,NA,6,66,"7.5YR","7.5YR","4",4,"SL"
"M4_2",156,200,"Ab2","2",7,"2","3",5,"2","SL",50,"F",5,8.4,"4",0.210873721,0.061173304,14.97004172,NA,7,44,"7.5YR","5YR","4",4,"VE"
"M4_3",0,6,"A","2",6,"2","2",4,"2","SL",70,"F",5,7.8,"2",0.144918306,0.053365269,9.155303766,NA,1,6,"7.5YR","7.5YR","4",4,"SL"
"M4_3",6,17,"B","3",6,"3","3",5,"3","SL",70,"F",5,8.1,"2",0.144918306,0.053365269,9.155303766,NA,2,11,"5YR","5YR","6",6,"SL"
"M4_3",17,55,"B2","3",7,"2","3",5,"3","SL",70,"F",7,8.4,"3",0.151075306,0.058220943,9.285436264,NA,3,38,"5YR","5YR","4",6,"ST"
"M4_3",55,112,"B3","3",6,"3","3",5,"3","SL",70,"F",5,8.4,"3",0.144918306,0.053365269,9.155303766,NA,4,57,"5YR","5YR","6",6,"ST"
"M4_3",112,165,"Bk","3",8,"1","3",8,"2","L",50,"MIX",20,8.6,"4",0.220450124,0.09560081,12.48493138,NA,5,53,"5YR","5YR","2",4,"VE"
"M4_3",165,188,"Btk","3",8,"2","3",7,"2","L",40,"VF",23,8.6,"4",0.245075863,0.099249879,14.5825984,NA,6,23,"5YR","5YR","4",4,"VE"
"M4_4",0,5,"A","2",6,"2","2",4,"2","SL",65,"F",5,7.8,"1",0.16366872,0.059024459,10.46442617,NA,1,5,"7.5YR","7.5YR","4",4,"VS"
"M4_4",5,41,"B","3",6,"3","3",5,"2","SL",60,"F",5,8,"2",0.178911483,0.06204064,11.68708431,NA,2,36,"5YR","5YR","6",4,"SL"
"M4_4",41,130,"CB","3",8,"2","3",5,"2","LS",75,"F",3,8.2,"3",0.112720965,0.041797128,7.092383724,NA,3,89,"5YR","5YR","4",4,"ST"
"M4_4",130,176,"C","3",8,"2","3",6,"3","LS",80,"MIX",3,8.2,"3",0.083890239,0.038355544,4.553469578,NA,4,46,"5YR","5YR","3",6,"ST"
"M4_5",0,4,"A","2",7,"2","2",4,"2","SL",75,"M",10,7.6,"0",0.142929541,0.060082649,8.284689241,NA,1,4,"7.5YR","7.5YR","4",3,"NE"
"M4_5",4,43,"B","3",7,"3","3",4,"2","LS",80,"M",5,8.4,"2",0.093772599,0.042975928,5.079667113,NA,2,39,"5YR","5YR","6",4,"SL"
"M4_5",43,190,"C","3",6,"2","3",6,"3","SL",75,"M",7,8.4,"3",0.129567114,0.051883922,7.768319141,NA,3,147,"5YR","5YR","4",6,"ST"
"M4_6",0,5,"A","3",6,"2","3",4,"2","SL",70,"F",3,6.8,"1",0.138974053,0.048732005,9.024204783,NA,1,5,"5YR","5YR","4",3,"VS"
"M4_6",5,110,"B","3",5,"3","3",4,"3","SL",65,"F",3,8.2,"3",0.159904349,0.054985829,10.49185197,NA,2,105,"5YR","5YR","6",6,"ST"
"M4_6",110,148,"Bt","3",5,"2","3",4,"2","SCL",60,"F",20,8,"3",0.208821797,0.098446217,11.03755795,NA,3,38,"5YR","5YR","4",4,"ST"
"M4_6",148,159,"CB","3",7,"2","3",5,"2","SL",65,"CO",18,8.4,"4",0.197582579,0.092037649,10.55449308,NA,4,11,"5YR","5YR","4",4,"VE"
"M4_6",159,159,"R",NA,NA,NA,NA,NA,NA,NA,NA,NA,NA,NA,NA,NA,NA,NA,NA,5,0,NA,NA,NA,NA,NA
"M4_7",0,14,"A","2",5,"2","2",3,"2","SL",50,"F",5,8,"1",0.210873721,0.061173304,14.97004172,NA,1,14,"7.5YR","7.5YR","4",4,"VS"
"M4_7",14,24,"B","3",6,"2","3",4,"3","SL",55,"F",5,8.2,"3",0.193537487,0.062486104,13.10513826,NA,2,10,"5YR","5YR","4",6,"ST"
"M4_7",24,60,"C","3",8,"1","3",6,"2","SL",55,"F",15,8.4,"4",0.203763404,0.084082493,11.96809109,NA,3,36,"5YR","5YR","2",4,"VE"
"M4_7",60,73,"Cr","3",8,"1","2",7,"3","LS",75,"F",3,8.6,"4",0.112720965,0.041797128,7.092383724,NA,4,13,"5YR","7.5YR","2",6,"VE"
"M4_7",73,73,"R",NA,NA,NA,NA,NA,NA,NA,NA,NA,NA,NA,NA,NA,NA,NA,NA,5,0,NA,NA,NA,NA,NA
"M4_9",0,9,"Ap","2",5,"2","2",3,"2","L",45,"VF",25,7.6,"0",0.237099277,0.107329778,12.97694987,NA,1,9,"7.5YR","7.5YR","4",4,"NE"
"M4_9",9,17,"Ap","2",6,"2","2",4,"2","L",45,"VF",25,8,"2",0.237099277,0.107329778,12.97694987,NA,2,8,"7.5YR","7.5YR","4",4,"SL"
"M4_9",17,64,"B","2",5,"2","2",4,"2","L",50,"F",18,8,"3",0.217291651,0.090263224,12.70284261,NA,3,47,"7.5YR","7.5YR","4",4,"ST"
"M4_9",64,67,"Cr","2",7,"2","2",5,"3","L",55,"MIX",7,8.4,"4",0.194530427,0.066222367,12.83080608,NA,4,3,"7.5YR","7.5YR","4",6,"VE"
"M4_9",67,67,"R",NA,NA,NA,NA,NA,NA,NA,NA,NA,NA,NA,NA,NA,NA,NA,NA,5,0,NA,NA,NA,NA,NA
"1",0,12,"A","2",6,"2","2",5,"2","S",95,"M",3,8.2,"2",0.054755763,0.053520169,0.123559336,1,1,12,"7.5YR","7.5YR","3",3,"SL"
"1",12,30,"AB","2",6,"2","2",4,"2","S",95,"F",2,8.3,"4",0.051906155,0.050990095,0.091606059,2,2,18,"7.5YR","7.5YR","3",3,"VE"
"1",30,30,"R",NA,NA,NA,NA,NA,NA,NA,NA,NA,NA,NA,NA,NA,NA,NA,3,3,0,NA,NA,NA,NA,NA
"2",0,5,"A","2",7,"2","2",3,"2","SL",75,"VF",10,7.6,"1",0.142929541,0.060082649,8.284689241,1,1,5,"7.5YR","7.5YR","4",4,"VS"
"2",5,88,"Bk1","2",6,"2","2",4,"3","LS",80,"F",6,8.2,"4",0.098915741,0.045378855,5.353688629,2,2,83,"7.5YR","7.5YR","4",6,"VE"
"2",88,157,"Bk2","2",7,"2","2",5,"3","LS",85,"VF",5,8.4,"4",0.070626535,0.045199005,2.542753,3,3,69,"7.5YR","7.5YR","3",6,"VE"
"3",0,9,"A","3",6,"3","3",5,"2","SL",80,"VF",10,8.1,"3",0.120922531,0.055689319,6.523321172,1,1,9,"5YR","5YR","6",4,"ST"
"3",9,30,"Bw","3",6,"3","3",5,"3","LS",85,"F",4,8.3,"4",0.065823054,0.043023621,2.27994333,2,2,21,"5YR","5YR","6",6,"VE"
"3",30,83,"Bk1","3",6,"3","3",5,"3","LS",85,"F",6,8.3,"4",0.075697345,0.047402795,2.829454983,3,3,53,"5YR","5YR","6",6,"VE"
"3",83,110,"Bk2","3",6,"3","3",5,"3","LS",85,"F",5,8.2,"4",0.070626535,0.045199005,2.542753,4,4,27,"5YR","5YR","6",6,"VE"
"3",110,168,"Bk3","3",7,"3","3",5,"3","LS",85,"F",6,8.3,"4",0.075697345,0.047402795,2.829454983,5,5,58,"5YR","5YR","6",6,"VE"
"4",0,11,"A","3",6,"3","3",4,"3","LS",85,"VF",6,8.3,"4",0.075697345,0.047402795,2.829454983,1,1,11,"5YR","5YR","6",6,"VE"
"4",11,29,"Bk1","3",6,"3","3",4,"3","LS",85,"VF",8,8.4,"4",0.086693704,0.051921849,3.477185496,2,2,18,"5YR","5YR","6",6,"VE"
"4",29,48,"Bk2","3",6,"3","3",4,"3","LS",85,"F",8,8.4,"4",0.086693704,0.051921849,3.477185496,3,3,19,"5YR","5YR","6",6,"VE"
"4",48,48,"R",NA,NA,NA,NA,NA,NA,NA,NA,NA,NA,NA,NA,NA,NA,NA,4,4,0,NA,NA,NA,NA,NA
"5",0,10,"A","2",8,"2","2",5,"3","LS",85,"VF",8,8.5,"4",0.086693704,0.051921849,3.477185496,1,1,10,"7.5YR","7.5YR","4",6,"VE"
"5",10,23,"Bk","2",8,"2","2",5,"3","SL",80,"F",10,8.4,"4",0.120922531,0.055689319,6.523321172,2,2,13,"7.5YR","7.5YR","4",6,"VE"
"5",23,91,"C","2",8,"2","2",5,"3","LS",85,"F",8,8.8,"4",0.086693704,0.051921849,3.477185496,3,3,68,"7.5YR","7.5YR","3",6,"VE"
"5",91,91,"R",NA,NA,NA,NA,NA,NA,NA,NA,NA,NA,NA,NA,NA,NA,NA,4,4,0,NA,NA,NA,NA,NA
"6",0,5,"A","2",7,"2","2",4,"2","LS",80,"F",8,8,"3",0.109640891,0.050402787,5.923810471,1,1,5,"7.5YR","7.5YR","4",3,"ST"
"6",5,19,"Bk1","2",7,"2","2",4,"2","LS",85,"F",7,8.2,"4",0.081049151,0.049641242,3.140790895,2,2,14,"7.5YR","7.5YR","4",4,"VE"
"6",19,39,"Bk2","2",8,"2","2",4,"3","LS",85,"F",5,8.2,"4",0.070626535,0.045199005,2.542753,3,3,20,"7.5YR","7.5YR","4",6,"VE"
"6",39,70,"Bk3","2",7,"2","2",5,"2","SL",75,"M",10,8.2,"4",0.142929541,0.060082649,8.284689241,4,4,31,"7.5YR","7.5YR","4",4,"VE"
"6",70,80,"Bk4","2",8,"2","2",4,"3","LS",80,"M",9,8.2,"4",0.115212831,0.053010335,6.220249533,5,5,10,"7.5YR","7.5YR","4",6,"VE"
"6",80,115,"Bk5","2",7,"3","2",5,"3","LS",80,"VF",9,8,"4",0.115212831,0.053010335,6.220249533,6,6,35,"7.5YR","7.5YR","6",6,"VE"
"6",115,161,"Bk6","2",6,"2","2",4,"2","L",50,"VF",21,NA,NA,0.22224015,0.098341491,12.3898659,7,7,46,"7.5YR","7.5YR","4",3,NA
"7",0,8,"A","2",7,"2","2",5,"3","LS",85,"F",8,8.2,"4",0.086693704,0.051921849,3.477185496,1,1,8,"7.5YR","7.5YR","4",6,"VE"
"7",8,27,"C","2",7,"2","2",4,"3","LS",85,"F",8,8.2,"4",0.086693704,0.051921849,3.477185496,2,2,19,"7.5YR","7.5YR","4",6,"VE"
"7",27,27,"R",NA,NA,NA,NA,NA,NA,NA,NA,NA,NA,NA,NA,NA,NA,NA,3,3,0,NA,NA,NA,NA,NA
"8",0,6,"A","2",7,"2","2",4,"3","LS",85,"VF",6,8.1,"4",0.075697345,0.047402795,2.829454983,1,1,6,"7.5YR","7.5YR","4",6,"VE"
"8",9,25,"Bk1","2",7,"3","2",5,"3","LS",85,"VF",6,8.3,"4",0.075697345,0.047402795,2.829454983,2,2,16,"7.5YR","7.5YR","6",6,"VE"
"8",25,110,"Bk2","2",7,"2","2",5,"3","LS",85,"VF",4,8.4,"4",0.065823054,0.043023621,2.27994333,3,3,85,"7.5YR","7.5YR","4",6,"VE"
"8",110,150,"Bk3","2",7,"3","2",5,"3","LS",80,"VF",7,8.6,"4",0.104209268,0.047858639,5.635062899,4,4,40,"7.5YR","7.5YR","6",6,"VE"
"9",0,9,"A","2",6,"2","2",4,"3","LS",85,"VF",5,8.1,"2",0.070626535,0.045199005,2.542753,1,1,9,"7.5YR","7.5YR","4",6,"SL"
"9",9,28,"Bk","2",6,"3","2",5,"3","SL",70,"F",10,8.5,"4",0.160883369,0.065950224,9.493314452,2,2,19,"7.5YR","7.5YR","6",6,"VE"
"9",28,45,"C","1",7,"2","1",5,"3","SL",70,"F",15,8.6,"4",0.178985018,0.080127757,9.885726076,3,3,17,"10YR","10YR","4",6,"VE"
"9",45,45,"R",NA,NA,NA,NA,NA,NA,NA,NA,NA,NA,NA,NA,NA,NA,NA,4,4,0,NA,NA,NA,NA,NA
"10",0,9,"A","3",6,"3","3",4,"2","LS",85,"VF",5,8.1,"4",0.070626535,0.045199005,2.542753,1,1,9,"5YR","5YR","6",4,"VE"
"10",9,28,"Bk","3",5,"3","3",4,"2","SL",75,"F",10,8.1,"4",0.142929541,0.060082649,8.284689241,2,2,19,"5YR","5YR","6",4,"VE"
"10",28,53,"C","3",7,"2","3",5,"2","LS",87,"F",4,8.6,"4",0.060283316,0.045286641,1.49966747,3,3,25,"5YR","5YR","4",4,"VE"
"10",53,53,"R",NA,NA,NA,NA,NA,NA,NA,NA,NA,NA,NA,NA,NA,NA,NA,4,4,0,NA,NA,NA,NA,NA
"11",0,7,"A","3",6,"3","3",4,"3","LS",85,"VF",8,8.1,"4",0.086693704,0.051921849,3.477185496,1,1,7,"5YR","5YR","6",6,"VE"
"11",7,30,"Bk1","3",5,"3","3",4,"2","LS",85,"VF",6,8.3,"4",0.075697345,0.047402795,2.829454983,2,2,23,"5YR","5YR","6",4,"VE"
"11",30,72,"Bk2","3",6,"3","3",4,"3","LS",85,"VF",6,8.3,"4",0.075697345,0.047402795,2.829454983,3,3,42,"5YR","5YR","6",6,"VE"
"11",72,150,"Bk3","3",5,"3","3",4,"2","SL",75,"VF",8,8.6,"4",0.133943934,0.054553391,7.939054282,4,4,78,"5YR","5YR","6",4,"VE"
"12",0,9,"A","3",5,"2","3",4,"2","LS",85,"VF",5,8.1,"4",0.070626535,0.045199005,2.542753,1,1,9,"5YR","5YR","4",4,"VE"
"12",9,30,"C1","3",4,"2","3",3,"2","SL",75,"VF",10,8.4,"4",0.142929541,0.060082649,8.284689241,2,2,21,"5YR","5YR","4",4,"VE"
"12",30,65,"C2","3",4,"2","3",3,"2","SL",75,"F",10,8.4,"4",0.142929541,0.060082649,8.284689241,3,3,35,"5YR","5YR","4",4,"VE"
"12",65,65,"R",NA,NA,NA,NA,NA,NA,NA,NA,NA,NA,NA,NA,NA,NA,NA,4,4,0,NA,NA,NA,NA,NA
"13",0,13,"A","2",5,"3","2",4,"3","SL",75,"VF",10,8.1,"4",0.142929541,0.060082649,8.284689241,1,1,13,"7.5YR","7.5YR","6",6,"VE"
"13",13,48,"Bk1","2",7,"2","2",5,"3","SL",75,"VF",8,8.5,"4",0.133943934,0.054553391,7.939054282,2,2,35,"7.5YR","7.5YR","4",6,"VE"
"13",48,88,"Bk2","2",7,"2","2",5,"3","LS",80,"VF",7,8.7,"4",0.104209268,0.047858639,5.635062899,3,3,40,"7.5YR","7.5YR","4",6,"VE"
"13",88,133,"Bw1","2",8,"1","2",6,"2","S",90,"VF",4,8.8,"4",0.056353114,0.049268856,0.708425839,4,4,45,"7.5YR","7.5YR","2",4,"VE"
"13",133,150,"Bw2","2",6,"3","2",5,"3","S",90,"VF",6,8.9,"4",0.064237574,0.053861162,1.03764114,5,5,17,"7.5YR","7.5YR","6",6,"VE"
"14",0,5,"A","2",8,"2","2",5,"2","LS",80,"VF",6,8.1,"3",0.098915741,0.045378855,5.353688629,1,1,5,"7.5YR","7.5YR","4",4,"ST"
"14",5,13,"Bk1","2",6,"2","2",4,"3","LS",85,"VF",8,8.2,"4",0.086693704,0.051921849,3.477185496,2,2,8,"7.5YR","7.5YR","4",6,"VE"
"14",13,31,"Bk2","2",8,"2","2",4,"3","SL",70,"VF",6,8.4,"4",0.147975845,0.055774288,9.220155775,3,3,18,"7.5YR","7.5YR","3",6,"VE"
"14",31,31,"R",NA,NA,NA,NA,NA,NA,NA,NA,NA,NA,NA,NA,NA,NA,NA,4,4,0,NA,NA,NA,NA,NA
"15",0,8,"A","2",7,"3","2",4,"3","LS",80,"VF",6,8,"2",0.098915741,0.045378855,5.353688629,1,1,8,"7.5YR","7.5YR","6",6,"SL"
"15",8,15,"Bk1","2",7,"2","2",4,"3","LS",80,"VF",8,8.2,"3",0.109640891,0.050402787,5.923810471,2,2,7,"7.5YR","7.5YR","4",6,"ST"
"15",15,31,"Bk2","2",6,"3","2",5,"3","SL",75,"VF",10,8.5,"4",0.142929541,0.060082649,8.284689241,3,3,16,"7.5YR","7.5YR","6",6,"VE"
"15",31,44,"Bk3","2",7,"3","2",6,"2","SL",70,"F",10,8.6,"4",0.160883369,0.065950224,9.493314452,4,4,13,"7.5YR","7.5YR","6",4,"VE"
"15",44,44,"R",NA,NA,NA,NA,NA,NA,NA,NA,NA,NA,NA,NA,NA,NA,NA,5,5,0,NA,NA,NA,NA,NA
"16",0,9,"A","2",7,"2","2",4,"3","LS",85,"VF",6,8.1,"3",0.075697345,0.047402795,2.829454983,1,1,9,"7.5YR","7.5YR","4",6,"ST"
"16",9,28,"Bk","2",6,"2","2",4,"3","LS",80,"VF",8,8.3,"4",0.109640891,0.050402787,5.923810471,2,2,19,"7.5YR","7.5YR","4",6,"VE"
"16",28,28,"R",NA,NA,NA,NA,NA,NA,NA,NA,NA,NA,NA,NA,NA,NA,NA,3,3,0,NA,NA,NA,NA,NA
"17",0,5,"A","2",7,"2","2",5,"3","LS",85,"VF",7,8,"3",0.081049151,0.049641242,3.140790895,1,1,5,"7.5YR","7.5YR","4",6,"ST"
"17",5,14,"Bk1","2",7,"3","2",4,"3","LS",80,"VF",8,8.3,"4",0.109640891,0.050402787,5.923810471,2,2,9,"7.5YR","7.5YR","6",6,"VE"
"17",14,26,"Bk2","2",7,"3","2",4,"2","SL",75,"VF",10,8.3,"4",0.142929541,0.060082649,8.284689241,3,3,12,"7.5YR","7.5YR","6",4,"VE"
"17",26,26,"R",NA,NA,NA,NA,NA,NA,NA,NA,NA,NA,NA,NA,NA,NA,NA,4,4,0,NA,NA,NA,NA,NA
"18",0,5,"A","3",6,"2","3",4,"2","LS",85,"VF",6,8.1,"3",0.075697345,0.047402795,2.829454983,1,1,5,"5YR","5YR","4",4,"ST"
"18",5,5,"R",NA,NA,NA,NA,NA,NA,NA,NA,NA,NA,NA,NA,NA,NA,NA,2,2,0,NA,NA,NA,NA,NA
"19",0,3,"A","2",5,"2","3",3,"2","SL",75,"VF",10,8,"0",0.142929541,0.060082649,8.284689241,1,1,3,"7.5YR","5YR","4",3,"NE"
"19",3,10,"ABw","3",4,"2","3",3,"2","SL",75,"VF",10,8.1,"1",0.142929541,0.060082649,8.284689241,2,2,7,"5YR","5YR","4",3,"VS"
"19",10,53,"Bw","3",5,"2","3",4,"2","SL",75,"VF",10,8.3,"3",0.142929541,0.060082649,8.284689241,3,3,43,"5YR","5YR","4",3,"ST"
"19",53,85,"Bk","3",6,"2","3",4,"2","SL",76,"VF",10,8.4,"4",0.138798847,0.058955969,7.984287777,4,4,32,"5YR","5YR","4",4,"VE"
"19",85,100,"Bkk","3",7,"2","3",5,"2","SL",77,"F",9,8.5,"4",0.129462962,0.055123567,7.433939462,5,5,15,"5YR","5YR","3",4,"VE"
"19",100,130,"B'k","3",6,"2","3",4,"3","SL",77,"VF",9,8.6,"4",0.129462962,0.055123567,7.433939462,6,6,30,"5YR","5YR","4",6,"VE"
"19",130,153,"B'kk","4",7,"2","4",4,"2","SL",75,"VF",12,8.6,"4",0.152260151,0.065876753,8.638339797,7,7,23,"2.5YR","2.5YR","3",4,"VE"
"20",0,3,"A","2",5,"2","3",4,"2","SL",60,"VF",10,8.2,"3",0.18588602,0.072333525,11.35524954,1,1,3,"7.5YR","5YR","4",3,"ST"
"20",3,10,"BA","3",5,"2","3",3,"2","L",45,"VF",15,8.1,"3",0.227481428,0.080616611,14.6864817,2,2,7,"5YR","5YR","4",4,"ST"
"20",10,32,"Bk","4",5,"2","4",4,"2","L",50,"F",18,8.1,"4",0.217291651,0.090263224,12.70284261,3,3,22,"2.5YR","2.5YR","4",4,"VE"
"20",32,41,"Cr/Bk","4",5,"2","4",4,"2","L",42,"F",18,8.2,"4",0.237357179,0.086944274,15.04129052,4,4,9,"2.5YR","2.5YR","4",4,"VE"
"20",41,46,"Cr",NA,NA,NA,NA,NA,NA,NA,NA,NA,NA,NA,"4",NA,NA,NA,5,5,5,NA,NA,NA,NA,"VE"
"20",46,46,"R",NA,NA,NA,NA,NA,NA,NA,NA,NA,NA,NA,NA,NA,NA,NA,6,6,0,NA,NA,NA,NA,NA
"21",0,10,"A","3",5,"3","3",4,"2","LS",85,"VF",8,8.1,"4",0.086693704,0.051921849,3.477185496,1,1,10,"5YR","5YR","6",4,"VE"
"21",10,26,"Bk1","3",5,"3","3",4,"2","SL",80,"VF",10,8.4,"4",0.120922531,0.055689319,6.523321172,2,2,16,"5YR","5YR","6",4,"VE"
"21",26,82,"Bk2","3",5,"3","3",4,"2","LS",85,"VF",5,8.4,"4",0.070626535,0.045199005,2.542753,3,3,56,"5YR","5YR","6",4,"VE"
"21",82,95,"Bk3","3",5,"3","3",4,"2","LS",88,"F",4,8.5,"4",0.058413863,0.046557497,1.185636547,4,4,13,"5YR","5YR","6",4,"VE"
"22",0,5,"A","3",6,"3","3",3,"2","LS",82,"VF",9,8,"0",0.105663905,0.052717318,5.294658692,1,1,5,"5YR","5YR","6",4,"NE"
"22",5,17,"AB","3",5,"2","3",4,"2","SL",70,"VF",15,8.3,"4",0.178985018,0.080127757,9.885726076,2,2,12,"5YR","5YR","4",4,"VE"
"22",17,53,NA,"3",6,"2","3",4,"3","SL",76,"VF",12,8.4,"4",0.148639225,0.064758856,8.388036908,3,3,36,"5YR","5YR","4",6,"VE"
"22",53,80,"Bk","2",7,"2","3",5,"3","SL",78,"VF",11,8.4,"4",0.135452237,0.059842567,7.560966981,4,4,27,"7.5YR","5YR","4",6,"VE"
"22",80,130,"Bkk","2",7,"2","3",4,"2","SL",75,"VF",13,8.6,"4",0.157055206,0.068879566,8.817563978,5,5,50,"7.5YR","5YR","3",4,"VE"
"22",130,154,NA,"2",7,"2","2",5,"2","SL",65,"VF",15,8.6,"4",0.188206748,0.083371782,10.48349657,6,6,24,"7.5YR","7.5YR","4",4,"VE"
"23",0,3,"A","3",5,"2","3",4,"2","SL",75,"VF",12,7.6,"0",0.152260151,0.065876753,8.638339797,1,1,3,"5YR","5YR","4",3,"NE"
"23",3,12,"BA","3",6,"3","3",4,"2","LS",85,"VF",8,8,"1",0.086693704,0.051921849,3.477185496,2,2,9,"5YR","5YR","6",4,"VS"
"23",12,54,"BW1","3",5,"2","3",4,"2","SL",60,"VF",10,8.1,"2",0.18588602,0.072333525,11.35524954,3,3,42,"5YR","5YR","4",4,"SL"
"23",54,63,"BW2","2",5,"3","3",4,"3","SL",70,"F",14,8.2,"3",0.175179349,0.077149732,9.802961663,4,4,9,"7.5YR","5YR","6",6,"ST"
"23",63,81,"BK","3",6,"2","3",4,"2","SL",60,"VF",15,8.4,"4",0.195908228,0.08454388,11.13643481,5,5,18,"5YR","5YR","4",4,"VE"
"23",81,81,"R",NA,NA,NA,NA,NA,NA,NA,NA,NA,NA,NA,NA,NA,NA,NA,6,6,0,NA,NA,NA,NA,NA
"24",0,5,"A","2",6,"2","3",4,"2","SL",72,"VF",12,8,"2",0.162125525,0.069310628,9.281489696,1,1,5,"7.5YR","5YR","4",3,"SL"
"24",5,19,"ABw","3",5,"2","3",3,"2","SL",75,"VF",11,8.1,"2",0.147561255,0.062948088,8.461316681,2,2,14,"5YR","5YR","4",4,"SL"
"24",19,36,"Bk","3",5,"2","3",3,"2","SL",72,"VF",12,8.1,"4",0.162125525,0.069310628,9.281489696,3,3,17,"5YR","5YR","4",4,"VE"
"24",36,48,"Bkk","3",7,"2","3",4,"2","SL",70,"VF",15,8.2,"4",0.178985018,0.080127757,9.885726076,4,4,12,"5YR","5YR","3",4,"VE"
"25",0,6,"A","3",5,"2","3",3,"2","SL",76,"F",9,8,"0",0.134006102,0.056152151,7.785395072,1,1,6,"5YR","5YR","3",3,"NE"
"25",6,35,"Bw","3",6,"3","3",6,"2","SL",75,"F",8,8.1,"3",0.133943934,0.054553391,7.939054282,2,2,29,"5YR","5YR","6",4,"ST"
"25",35,88,"Bk1","3",7,"2","3",4,"3","SL",74,"F",10,8.2,"4",0.14689953,0.061269411,8.563011873,3,3,53,"5YR","5YR","4",6,"VE"
"25",88,149,"Bk2","3",7,"3","2",4,"3","LS",82,"M",7,8.4,"4",0.094162502,0.04780669,4.635581155,4,4,61,"5YR","7.5YR","6",6,"VE"
"26",0,9,"A","2",5,"3","2",4,"3","LS",80,"VF",5,8.2,"4",0.093772599,0.042975928,5.079667113,1,1,9,"7.5YR","7.5YR","6",6,"VE"
"26",9,17,"Bw1","2",5,"3","2",4,"3","LS",80,"VF",5,8.3,"4",0.093772599,0.042975928,5.079667113,2,2,8,"7.5YR","7.5YR","6",6,"VE"
"26",17,31,"Bw2","2",7,"2","2",6,"2","SL",75,"VF",10,8.6,"4",0.142929541,0.060082649,8.284689241,3,3,14,"7.5YR","7.5YR","3",4,"VE"
"26",31,31,"R",NA,NA,NA,NA,NA,NA,NA,NA,NA,NA,NA,NA,NA,NA,NA,4,4,0,NA,NA,NA,NA,NA
"27",0,12,"A","2",6,"2","2",4,"3","LS",85,"VF",6,8.2,"4",0.075697345,0.047402795,2.829454983,1,1,12,"7.5YR","7.5YR","4",6,"VE"
"27",12,39,"Bw1","2",6,"2","2",4,"3","LS",80,"VF",6,8.4,"4",0.098915741,0.045378855,5.353688629,2,2,27,"7.5YR","7.5YR","4",6,"VE"
"27",39,122,"Bw2","2",6,"2","2",4,"3","LS",80,"VF",8,8.5,"4",0.109640891,0.050402787,5.923810471,3,3,83,"7.5YR","7.5YR","4",6,"VE"
"27",122,153,"Bw3","2",6,"2","2",4,"3","LS",80,"VF",10,8.3,"4",0.120922531,0.055689319,6.523321172,4,4,31,"7.5YR","7.5YR","4",6,"VE"
"28",0,9,"A","3",6,"2","3",4,"2","LS",85,"VF",5,8.2,"4",0.070626535,0.045199005,2.542753,1,1,9,"5YR","5YR","4",4,"VE"
"28",9,40,"Bk1","3",6,"2","3",4,"3","S",95,"M",4,8.1,"3",0.057736961,0.056070305,0.166665567,2,2,31,"5YR","5YR","4",6,"ST"
"28",40,83,"C","3",7,"2","3",5,"2","S",95,"M",3,8.2,"2",0.054755763,0.053520169,0.123559336,3,3,43,"5YR","5YR","3",4,"SL"
"28",83,83,"R",NA,NA,NA,NA,NA,NA,NA,NA,NA,NA,NA,NA,NA,NA,NA,4,4,0,NA,NA,NA,NA,NA
"29",0,7,"A","1",6,"2","1",4,"2","LS",80,"F",7,8.2,"3",0.104209268,0.047858639,5.635062899,1,1,7,"10YR","10YR","4",3,"ST"
"29",7,34,"Bw","1",8,"2","1",5,"3","S",90,"F",5,8.1,"4",0.060152168,0.051567856,0.858431167,2,2,27,"10YR","10YR","4",6,"VE"
"29",34,80,"Bk1","1",7,"2","1",4,"3","LS",80,"VF",8,8.3,"4",0.109640891,0.050402787,5.923810471,3,3,46,"10YR","10YR","3",6,"VE"
"29",80,163,"Bk2","1",7,"2","1",4,"3","LS",80,"VF",8,8.3,"4",0.109640891,0.050402787,5.923810471,4,4,83,"10YR","10YR","3",6,"VE"
"30",0,10,"A","2",6,"2","2",4,"2","S",90,"VF",4,8,"2",0.056353114,0.049268856,0.708425839,1,1,10,"7.5YR","7.5YR","4",4,"SL"
"30",10,27,"Bw1","2",6,"2","2",4,"2","S",90,"VF",5,8.1,"4",0.060152168,0.051567856,0.858431167,2,2,17,"7.5YR","7.5YR","4",4,"VE"
"30",27,89,"Bw2","2",6,"2","2",4,"2","S",90,"F",5,8.5,"4",0.060152168,0.051567856,0.858431167,3,3,62,"7.5YR","7.5YR","4",4,"VE"
"30",89,134,"Bw3","2",7,"2","2",4,"3","S",90,"M",3,8.7,"4",0.052818732,0.04698279,0.583594193,4,4,45,"7.5YR","7.5YR","3",6,"VE"
"31",0,8,"A","3",5,"3","3",4,"3","SL",75,"F",8,8.2,"4",0.133943934,0.054553391,7.939054282,1,1,8,"5YR","5YR","6",6,"VE"
"31",8,20,"C","3",5,"3","3",4,"3","SL",80,"F",8,8.2,"4",0.109640891,0.050402787,5.923810471,2,2,12,"5YR","5YR","6",6,"VE"
"31",20,20,"R",NA,NA,NA,NA,NA,NA,NA,NA,NA,NA,NA,NA,NA,NA,NA,3,3,0,NA,NA,NA,NA,NA
"32",0,7,"A","2",5,"3","2",3,"2","SL",75,"VF",8,8,"2",0.133943934,0.054553391,7.939054282,1,1,7,"7.5YR","7.5YR","6",4,"SL"
"32",7,36,"Bw1","2",5,"3","2",4,"3","SL",70,"VF",15,8.5,"4",0.178985018,0.080127757,9.885726076,2,2,29,"7.5YR","7.5YR","6",6,"VE"
"32",36,114,"Bw2","2",7,"2","2",5,"3","S",90,"F",4,8.6,"4",0.056353114,0.049268856,0.708425839,3,3,78,"7.5YR","7.5YR","4",6,"VE"
"32",114,114,"R",NA,NA,NA,NA,NA,NA,NA,NA,NA,NA,NA,NA,NA,NA,NA,4,4,0,NA,NA,NA,NA,NA
"33",0,9,"A","2",7,"2","2",5,"3","LS",85,"VF",6,8.1,"4",0.075697345,0.047402795,2.829454983,1,1,9,"7.5YR","7.5YR","4",6,"VE"
"33",9,24,"Bw1","2",7,"2","2",4,"3","SL",75,"VF",10,8.1,"4",0.142929541,0.060082649,8.284689241,2,2,15,"7.5YR","7.5YR","4",6,"VE"
"33",24,64,"Bw2","2",7,"2","2",5,"3","LS",80,"VF",7,8.3,"4",0.104209268,0.047858639,5.635062899,3,3,40,"7.5YR","7.5YR","4",6,"VE"
"33",64,86,"Bw3","2",7,"3","2",5,"3","LS",80,"VF",7,8.6,"4",0.104209268,0.047858639,5.635062899,4,4,22,"7.5YR","7.5YR","6",6,"VE"
"33",86,86,"R",NA,NA,NA,NA,NA,NA,NA,NA,NA,NA,NA,NA,NA,NA,NA,5,5,0,NA,NA,NA,NA,NA
"34",0,9,"A","2",7,"2","2",4,"2","LS",80,"F",5,8,"2",0.093772599,0.042975928,5.079667113,1,1,9,"7.5YR","7.5YR","4",4,"SL"
"34",9,19,"Bw","2",7,"2","2",4,"2","LS",85,"F",5,8.2,"3",0.070626535,0.045199005,2.542753,2,2,10,"7.5YR","7.5YR","4",4,"ST"
"34",19,19,"R",NA,NA,NA,NA,NA,NA,NA,NA,NA,NA,NA,NA,NA,NA,NA,3,3,0,NA,NA,NA,NA,NA
"35",0,10,"A","3",6,"3","3",5,"3","LS",85,"VF",4,8.1,"3",0.065823054,0.043023621,2.27994333,1,1,10,"5YR","5YR","6",6,"ST"
"35",10,32,"Bk1","3",6,"3","3",5,"3","LS",85,"VF",6,8.4,"4",0.075697345,0.047402795,2.829454983,2,2,22,"5YR","5YR","6",6,"VE"
"35",32,77,"C","3",5,"3","3",4,"3","LS",85,"F",10,8.5,"4",0.09883122,0.05656743,4.226379012,3,3,45,"5YR","5YR","6",6,"VE"
"35",77,77,"R",NA,NA,NA,NA,NA,NA,NA,NA,NA,NA,NA,NA,NA,NA,NA,4,4,0,NA,NA,NA,NA,NA
"36",0,7,"A","3",6,"3","3",5,"3","LS",80,"VF",5,8.1,"1",0.093772599,0.042975928,5.079667113,1,1,7,"5YR","5YR","6",6,"VS"
"36",7,40,"Bk1","3",6,"3","3",5,"3","LS",85,"VF",7,8.6,"4",0.081049151,0.049641242,3.140790895,2,2,33,"5YR","5YR","6",6,"VE"
"36",40,92,"Bk2","3",7,"2","3",4,"2","LS",85,"F",5,8.6,"4",0.070626535,0.045199005,2.542753,3,3,52,"5YR","5YR","4",4,"VE"
"36",92,152,"Bk3","3",7,"2","3",4,"2","LS",80,"F",8,8.6,"4",0.109640891,0.050402787,5.923810471,4,4,60,"5YR","5YR","4",4,"VE"
"37",0,7,"A","2",7,"2","2",4,"2","LS",85,"F",4,8,"4",0.065823054,0.043023621,2.27994333,1,1,7,"7.5YR","7.5YR","4",4,"VE"
"37",7,17,"C","2",8,"1","2",5,"2","LS",85,"F",4,8.4,"4",0.065823054,0.043023621,2.27994333,2,2,10,"7.5YR","7.5YR","2",4,"VE"
"37",17,17,"R",NA,NA,NA,NA,NA,NA,NA,NA,NA,NA,NA,NA,NA,NA,NA,3,3,0,NA,NA,NA,NA,NA
"38",0,7,"A","3",5,"2","3",4,"2","SL",72,"VF",11,8,"0",0.158150474,0.066456476,9.16939977,1,1,7,"5YR","5YR","4",3,"NE"
"38",7,85,"AB","3",6,"3","3",4,"3","SL",75,"VF",8,8.2,"2",0.133943934,0.054553391,7.939054282,2,2,78,"5YR","5YR","6",6,"SL"
"38",85,94,"Bk","3",7,"2","3",4,"2","SL",77,"F",9,8.3,"4",0.129462962,0.055123567,7.433939462,3,3,9,"5YR","5YR","4",4,"VE"
"38",94,94,"R",NA,NA,NA,NA,NA,NA,NA,NA,NA,NA,NA,NA,NA,NA,NA,4,4,0,NA,NA,NA,NA,NA
"39",0,8,"A","3",6,"3","3",4,"3","LS",80,"VF",6,8.1,"4",0.098915741,0.045378855,5.353688629,1,1,8,"5YR","5YR","6",6,"VE"
"39",8,19,"Bw","3",5,"3","3",4,"3","LS",85,"VF",10,8.1,"4",0.09883122,0.05656743,4.226379012,2,2,11,"5YR","5YR","6",6,"VE"
"39",19,19,"R",NA,NA,NA,NA,NA,NA,NA,NA,NA,NA,NA,NA,NA,NA,NA,3,3,0,NA,NA,NA,NA,NA
"40",0,7,"A","2",6,"2","3",3,"2","SL",72,"VF",12,7.8,"0",0.162125525,0.069310628,9.281489696,1,1,7,"7.5YR","5YR","4",3,"NE"
"40",7,23,"BA","3",5,"3","3",4,"2","SL",67,"VF",15,8,"3",0.184794501,0.082339036,10.24554657,2,2,16,"5YR","5YR","6",3,"ST"
"40",23,82,"Bk","2",7,"2","3",4,"2","SL",74,"VF",10,8.1,"4",0.14689953,0.061269411,8.563011873,3,3,59,"7.5YR","5YR","4",4,"VE"
"40",82,122,"Bkk","2",7,"2","2",5,"2","SL",80,"F",10,8.4,"4",0.120922531,0.055689319,6.523321172,4,4,40,"7.5YR","7.5YR","3",4,"VE"
"40",122,122,"Cr",NA,NA,NA,NA,NA,NA,NA,NA,NA,NA,NA,NA,NA,NA,NA,5,5,0,NA,NA,NA,NA,NA
"41",0,8,"A","2",7,"2","2",4,"3","LS",85,"VF",5,8,"3",0.070626535,0.045199005,2.542753,1,1,8,"7.5YR","7.5YR","4",6,"ST"
"41",8,39,"Bw1","2",7,"2","2",5,"3","LS",80,"VF",8,8.2,"4",0.109640891,0.050402787,5.923810471,2,2,31,"7.5YR","7.5YR","4",6,"VE"
"41",39,112,"Bw2","2",7,"2","2",4,"3","SL",75,"VF",10,8.3,"4",0.142929541,0.060082649,8.284689241,3,3,73,"7.5YR","7.5YR","4",6,"VE"
"41",112,151,"Bk","2",7,"2","2",5,"3","SL",75,"VF",10,8.6,"4",0.142929541,0.060082649,8.284689241,4,4,39,"7.5YR","7.5YR","4",6,"VE"
"42",0,6,"A","3",6,"2","3",3,"2","SL",77,"VF",9,8,"1",0.129462962,0.055123567,7.433939462,1,1,6,"5YR","5YR","4",3,"VS"
"42",6,31,"ABk","3",5,"2","3",3,"2","SL",70,"VF",13,8.2,"4",0.171474793,0.074255732,9.721906099,2,2,25,"5YR","5YR","4",4,"VE"
"42",31,58,"Cr","2",7,"2","2",5,"2","LS",85,"F",6,8.3,"4",0.075697345,0.047402795,2.829454983,3,3,27,"7.5YR","7.5YR","4",4,"VE"
"43",0,5,"A","3",5,"2","3",3,"2","SL",70,"VF",12,8,"0",0.167856754,0.071423555,9.643319988,1,1,5,"5YR","5YR","4",3,"NE"
"43",5,29,"Bt","3",4,"3","3",3,"2","SL",56,"VF",19,8.1,"0",0.210331507,0.09487617,11.54553373,2,2,24,"5YR","5YR","6",4,"NE"
"43",29,59,"Bk","3",6,"3","3",4,"2","SL",60,"VF",19,8.2,"3",0.206016195,0.095522047,11.04941488,3,3,30,"5YR","5YR","6",4,"ST"
"43",59,106,"Bkk","3",8,"1","3",5,"2","SL",67,"VF",16,8.3,"4",0.188130693,0.085238046,10.28926464,4,4,47,"5YR","5YR","2",4,"VE"
"43",106,154,"BkC","3",6,"2","3",5,"3","SL",76,"F",9,8.6,"4",0.134006102,0.056152151,7.785395072,5,5,48,"5YR","5YR","4",6,"VE"
"44",0,7,"A","3",7,"2","3",5,"3","LS",80,"VF",5,8,"1",0.093772599,0.042975928,5.079667113,1,1,7,"5YR","5YR","4",6,"VS"
"44",7,35,"Bw","3",5,"3","3",4,"3","LS",85,"VF",9,8,"1",0.092617384,0.054223907,3.839347706,2,2,28,"5YR","5YR","6",6,"VS"
"44",35,104,"Bk","3",6,"3","3",4,"3","LS",85,"VF",7,8.5,"4",0.081049151,0.049641242,3.140790895,3,3,69,"5YR","5YR","6",6,"VE"
"44",104,126,"C","3",8,"2","3",5,"3","LS",85,"F",4,8.5,"4",0.065823054,0.043023621,2.27994333,4,4,22,"5YR","5YR","3",6,"VE"
"45",0,14,"A","2",6,"2","2",4,"2","LS",85,"VF",4,8,"4",0.065823054,0.043023621,2.27994333,1,1,14,"7.5YR","7.5YR","4",4,"VE"
"45",14,37,"Bw1","2",6,"2","2",4,"3","S",90,"VF",4,8.2,"4",0.056353114,0.049268856,0.708425839,2,2,23,"7.5YR","7.5YR","4",6,"VE"
"45",37,81,"Bw2","2",6,"2","2",4,"3","S",95,"F",3,8.2,"4",0.054755763,0.053520169,0.123559336,3,3,44,"7.5YR","7.5YR","4",6,"VE"
"45",81,104,"Bw3","2",6,"2","2",4,"3","S",90,"F",4,8.3,"4",0.056353114,0.049268856,0.708425839,4,4,23,"7.5YR","7.5YR","4",6,"VE"
"46",0,5,"A","2",6,"2","2",4,"2","SL",75,"VF",6,8,"4",0.125260981,0.049269203,7.599177745,1,1,5,"7.5YR","7.5YR","4",3,"VE"
"46",5,37,"Bk1","2",6,"2","2",4,"2","LS",85,"F",5,8.2,"4",0.070626535,0.045199005,2.542753,2,2,32,"7.5YR","7.5YR","4",4,"VE"
"46",37,50,"Bk2","2",7,"2","2",4,"2","LS",85,"F",4,8.2,"4",0.065823054,0.043023621,2.27994333,3,3,13,"7.5YR","7.5YR","4",4,"VE"
"46",50,66,"C1","2",8,"2","2",6,"3","LS",90,"M",4,8.2,"4",0.056353114,0.049268856,0.708425839,4,4,16,"7.5YR","7.5YR","4",6,"VE"
"46",66,82,"C2","2",8,"2","2",5,"3","S",97,"CO",3,8.2,"4",0.056536631,0.055880027,0.0656604,5,5,16,"7.5YR","7.5YR","4",6,"VE"
"46",82,99,"C3","2",8,"2","2",6,"2","S",97,"M",3,8.2,"4",0.056536631,0.055880027,0.0656604,6,6,17,"7.5YR","7.5YR","4",4,"VE"
"47",0,6,"A","1",6,"3","1",3,"2","SL",75,"VF",7,8.1,"3",0.129567114,0.051883922,7.768319141,1,1,6,"10YR","10YR","6",4,"ST"
"47",6,36,"Bw1","1",6,"3","1",5,"3","SL",75,"VF",8,8.3,"4",0.133943934,0.054553391,7.939054282,2,2,30,"10YR","10YR","6",6,"VE"
"47",36,102,"Bw2","1",7,"2","1",4,"3","SL",75,"VF",8,8.3,"4",0.133943934,0.054553391,7.939054282,3,3,66,"10YR","10YR","4",6,"VE"
"47",102,125,"Bw3","1",6,"3","1",3,"3","SL",75,"VF",11,8.6,"4",0.147561255,0.062948088,8.461316681,4,4,23,"10YR","10YR","6",6,"VE"
"47",125,133,"Bw4","1",6,"3","1",3,"3","SL",70,"VF",15,8.6,"4",0.178985018,0.080127757,9.885726076,5,5,8,"10YR","10YR","6",6,"VE"
"47",133,150,"Bw5","1",6,"3","1",4,"3","SL",80,"VF",6,8.2,"4",0.098915741,0.045378855,5.353688629,6,6,17,"10YR","10YR","6",6,"VE"
"48",0,11,"A","3",5,"3","3",3,"2","LS",75,"VF",4,NA,"3",0.116845022,0.044227609,7.261741337,1,1,11,"5YR","5YR","6",4,"ST"
"48",11,30,"Bw1","3",6,"3","3",4,"2","LS",80,"VF",9,8.2,"4",0.115212831,0.053010335,6.220249533,2,2,19,"5YR","5YR","6",4,"VE"
"48",30,80,"Bw2","3",7,"2","3",4,"3","LS",85,"VF",7,8.4,"4",0.081049151,0.049641242,3.140790895,3,3,50,"5YR","5YR","4",6,"VE"
"48",80,80,"R",NA,NA,NA,NA,NA,NA,NA,NA,NA,NA,NA,NA,NA,NA,NA,4,4,0,NA,NA,NA,NA,NA
"49",0,8,"A","3",6,"3","3",4,"2","LS",85,"VF",6,8.1,"2",0.075697345,0.047402795,2.829454983,1,1,8,"5YR","5YR","6",4,"SL"
"49",8,31,"Bk1","3",6,"3","3",4,"3","LS",80,"VF",5,8.3,"4",0.093772599,0.042975928,5.079667113,2,2,23,"5YR","5YR","6",6,"VE"
"49",31,103,"Bk2","3",7,"2","3",5,"3","SL",78,"VF",8,8.6,"4",0.119615365,0.051530423,6.808494194,3,3,72,"5YR","5YR","4",6,"VE"
"49",103,150,"Bw","3",7,"2","3",5,"3","S",90,"F",5,8.7,"4",0.060152168,0.051567856,0.858431167,4,4,47,"5YR","5YR","4",6,"VE"
"50",0,9,"A","3",5,"3","3",4,"2","LS",85,"VF",7,8.1,"4",0.081049151,0.049641242,3.140790895,1,1,9,"5YR","5YR","6",4,"VE"
"50",9,26,"Bw","3",5,"3","3",4,"3","LS",85,"VF",10,8.3,"4",0.09883122,0.05656743,4.226379012,2,2,17,"5YR","5YR","6",6,"VE"
"50",26,26,"R",NA,NA,NA,NA,NA,NA,NA,NA,NA,NA,NA,NA,NA,NA,NA,3,3,0,NA,NA,NA,NA,NA
"57",0,6,"A","3",6,"3","3",4,"3","SL",74,"VF",10,7.6,"2",0.14689953,0.061269411,8.563011873,1,1,6,"5YR","5YR","6",6,"SL"
"57",6,30,"Ab","3",6,"3","3",4,"3","SL",72,"VF",12,8,"3",0.162125525,0.069310628,9.281489696,2,2,24,"5YR","5YR","6",6,"ST"
"57",30,53,"Bkk","3",8,"2","3",6,"3","SL",75,"F",9,8.2,"4",0.138390117,0.057281568,8.110854892,3,3,23,"5YR","5YR","4",6,"VE"
"57",53,70,"Bk1","3",7,"2","3",5,"2","SL",74,"F",10,8.2,"4",0.14689953,0.061269411,8.563011873,4,4,17,"5YR","5YR","4",4,"VE"
"57",70,87,"Bk2","3",7,"3","3",5,"3","SL",74,"F",10,8.2,"4",0.14689953,0.061269411,8.563011873,5,5,17,"5YR","5YR","6",6,"VE"
"57",87,87,"R",NA,NA,NA,NA,NA,NA,NA,NA,NA,NA,NA,NA,NA,NA,NA,6,6,0,NA,NA,NA,NA,NA
"59",0,3,"A","2",5,"2","2",3,"1","SL",76,"VF",12,7.8,"2",0.148639225,0.064758856,8.388036908,1,1,3,"7.5YR","7.5YR","4",2,"SL"
"59",3,21,"BA","3",5,"2","3",3,"2","LS",80,"VF",10,8,"3",0.120922531,0.055689319,6.523321172,2,2,18,"5YR","5YR","4",4,"ST"
"59",21,65,"Bk","3",6,"2","3",3,"2","LS",80,"F",10,8.1,"4",0.120922531,0.055689319,6.523321172,3,3,44,"5YR","5YR","4",4,"VE"
"59",65,149,"Bk","3",7,"2","3",4,"2","LS",82,"F",8,8.2,"4",0.099821945,0.050237134,4.958481155,4,4,84,"5YR","5YR","4",4,"VE"
"60",0,4,"A","3",5,"2","2",3,"2","SL",74,"VF",9,7.6,"2",0.142605442,0.05848146,8.412398238,1,1,4,"5YR","7.5YR","4",4,"SL"
"60",4,18,"AB","3",5,"3","3",4,"2","SL",72,"VF",9,7.7,"3",0.150457485,0.0609433,8.951418571,2,2,14,"5YR","5YR","6",4,"ST"
"60",18,96,"Bk","2",6,"2","2",4,"2","SL",75,"F",8,8.1,"4",0.133943934,0.054553391,7.939054282,3,3,78,"7.5YR","7.5YR","4",4,"VE"
"60",96,149,"Btk","2",7,"2","3",4,"2","SL",55,"VF",19,8.2,"4",0.211529163,0.094607612,11.69215502,4,4,53,"7.5YR","5YR","3",4,"VE"
"61",0,5,"A","3",6,"2","3",4,"2","SL",75,"F",8,7.8,"0",0.133943934,0.054553391,7.939054282,1,1,5,"5YR","5YR","4",4,"NE"
"61",5,11,"AB","3",4,"3","2",3,"2","SL",73,"F",10,8,"1",0.15067286,0.062470927,8.820193321,2,2,6,"5YR","7.5YR","6",4,"VS"
"61",11,44,"Bk1","2",6,"2","2",4,"2","SL",73,"F",10,8.1,"4",0.15067286,0.062470927,8.820193321,3,3,33,"7.5YR","7.5YR","4",4,"VE"
"61",44,121,"Bk2","2",7,"2","2",4,"2","SL",74,"F",9,8.2,"4",0.142605442,0.05848146,8.412398238,4,4,77,"7.5YR","7.5YR","4",4,"VE"
"61",121,149,"Bk2","3",7,"2","3",5,"2","SL",75,"F",8,8.6,"4",0.133943934,0.054553391,7.939054282,5,5,28,"5YR","5YR","4",4,"VE"
"67",0,8,"A","3",5,"2","3",4,"2","SL",73,"VF",10,NA,NA,0.15067286,0.062470927,8.820193321,1,1,8,"5YR","5YR","3",3,NA
"67",8,21,"AB","3",5,"2","3",4,"2","SL",70,"VF",12,NA,NA,0.167856754,0.071423555,9.643319988,2,2,13,"5YR","5YR","4",3,NA
"67",21,56,"BA","3",6,"2","3",4,"2","SL",72,"F",10,NA,NA,0.154261661,0.063667588,9.059407291,3,3,35,"5YR","5YR","4",4,NA
"67",56,83,"Bk","3",7,"2","3",4,"3","SL",76,"F",9,NA,NA,0.134006102,0.056152151,7.785395072,4,4,27,"5YR","5YR","3",6,NA
"67",83,107,"Bw","2",7,"2","3",4,"3","LS",78,"F",6,NA,NA,0.109592474,0.046336533,6.325594113,5,5,24,"7.5YR","5YR","4",6,NA
"67",107,122,"Cr","4",7,"2","4",4,"2","SL",74,"F",10,NA,NA,0.14689953,0.061269411,8.563011873,6,6,15,"2.5YR","2.5YR","3",4,NA
"67",122,122,"R",NA,NA,NA,NA,NA,NA,NA,NA,NA,NA,NA,NA,NA,NA,NA,7,7,0,NA,NA,NA,NA,NA
"68",0,5,"A","3",5,"2","3",3,"1","SL",75,"F",9,8,"2",0.138390117,0.057281568,8.110854892,1,1,5,"5YR","5YR","3",2,"SL"
"68",5,67,"BA","3",6,"2","3",4,"2","SL",77,"F",8,8.1,"3",0.124527928,0.052403219,7.212470898,2,2,62,"5YR","5YR","4",3,"ST"
"68",67,139,"Bw","3",7,"2","2",4,"2","LS",84,"M",4,8.2,"3",0.069491235,0.042111977,2.737925745,3,3,72,"5YR","7.5YR","4",4,"ST"
"73",0,5,"A","3",5,"2","3",4,"2","SL",74,"VF",11,7.9,"0",0.151267819,0.064114107,8.715371202,1,1,5,"5YR","5YR","4",3,"NE"
"73",5,17,"AB","3",4,"3","4",3,"2","SL",68,"VF",13,8,"0",0.176214877,0.075998983,10.0215894,2,2,12,"5YR","2.5YR","6",4,"NE"
"73",17,52,NA,"3",6,"3","3",4,"2","SL",73,"VF",11,8.1,"3",0.154797081,0.065288657,8.950842387,3,3,35,"5YR","5YR","6",4,"ST"
"73",52,87,"B","3",7,"3","3",5,"3","SL",74,"F",10,8.2,"4",0.14689953,0.061269411,8.563011873,4,4,35,"5YR","5YR","6",6,"VE"
"73",87,96,"Cr","3",8,"1","3",5,"2","LS",79,"F",7,8.4,"4",0.109380291,0.048264355,6.111593567,5,5,9,"5YR","5YR","2",4,"VE"
"77",0,9,"A","3",4,"2","4",3,"1","SL",75,"VF",9,8,"0",0.138390117,0.057281568,8.110854892,1,1,9,"5YR","2.5YR","4",2,"NE"
"77",9,22,"AB","3",4,"2","3",3,"2","SL",72,"VF",12,8.1,"1",0.162125525,0.069310628,9.281489696,2,2,13,"5YR","5YR","4",3,"VS"
"77",22,47,"B","3",5,"2","3",3,"2","SL",72,"VF",15,8.2,"3",0.174543542,0.078268506,9.627503629,3,3,25,"5YR","5YR","4",3,"ST"
"77",47,58,"Bkk","3",8,"2","3",4,"2","SL",75,"F",13,8.4,"4",0.157055206,0.068879566,8.817563978,4,4,11,"5YR","5YR","3",3,"VE"
"77",58,58,"R",NA,NA,NA,NA,NA,NA,NA,NA,NA,NA,NA,NA,NA,NA,NA,5,5,0,NA,NA,NA,NA,NA
"80",0,6,NA,"3",5,"2","3",3,"2","SL",76,"VF",10,8,"0",0.138798847,0.058955969,7.984287777,1,1,6,"5YR","5YR","4",3,"NE"
"80",6,21,NA,"3",4,"3","3",4,"2","SL",75,"VF",11,8,"0",0.147561255,0.062948088,8.461316681,2,2,15,"5YR","5YR","6",4,"NE"
"80",21,54,NA,"3",5,"3","3",4,"2","SL",73,"VF",13,8.3,"4",0.163302434,0.071131206,9.217122776,3,3,33,"5YR","5YR","6",4,"VE"
"80",54,90,NA,"3",7,"2","3",5,"2","SL",72,"VF",14,8.6,"4",0.170317788,0.07521006,9.51077283,4,4,36,"5YR","5YR","4",4,"VE"
"80",90,136,NA,"3",6,"2","3",4,"3","SL",70,"VF",12,8.6,"4",0.167856754,0.071423555,9.643319988,5,5,46,"5YR","5YR","4",6,"VE"
"80",136,152,NA,"2",8,"1","2",7,"2","SL",75,"M",9,8.4,"4",0.138390117,0.057281568,8.110854892,6,6,16,"7.5YR","7.5YR","1",4,"VE"
"82",0,5,"A","3",7,"3","3",4,"2","LS",80,"VF",9,7.9,"3",0.115212831,0.053010335,6.220249533,1,1,5,"5YR","5YR","6",4,"ST"
"82",5,64,"Bk","2",7,"2","3",4,"3","LS",80,"VF",8,8.1,"4",0.109640891,0.050402787,5.923810471,2,2,59,"7.5YR","5YR","4",6,"VE"
"82",64,64,"Cr",NA,NA,NA,NA,NA,NA,NA,NA,NA,NA,NA,NA,NA,NA,NA,3,3,0,NA,NA,NA,NA,NA
"85",0,6,NA,"3",5,"2","3",4,"2","SL",76,"MIX",10,8.2,"4",0.138798847,0.058955969,7.984287777,1,1,6,"5YR","5YR","4",3,"VE"
"85",6,37,NA,"3",5,"2","3",4,"2","SL",73,"F",12,8.2,"4",0.159006321,0.068179304,9.082701726,2,2,31,"5YR","5YR","4",4,"VE"
"85",37,73,NA,"3",6,"2","3",4,"2","SL",75,"F",10,8.4,"4",0.142929541,0.060082649,8.284689241,3,3,36,"5YR","5YR","4",4,"VE"
"85",73,110,NA,"4",7,"2","3",5,"2","SL",75,"F",10,8.6,"4",0.142929541,0.060082649,8.284689241,4,4,37,"2.5YR","5YR","4",4,"VE"
"85",110,123,NA,"3",7,"2","3",4,"2","SL",76,"M",9,8.6,"4",0.134006102,0.056152151,7.785395072,5,5,13,"5YR","5YR","4",4,"VE"
"85",123,123,"R",NA,NA,NA,NA,NA,NA,NA,NA,NA,NA,NA,NA,NA,NA,NA,6,6,0,NA,NA,NA,NA,NA
"90",0,7,"A","2",6,"3","2",4,"3","LS",80,"VF",5,8,"2",0.093772599,0.042975928,5.079667113,1,1,7,"7.5YR","7.5YR","6",6,"SL"
"90",7,25,"Bw","2",6,"3","2",4,"3","LS",85,"VF",5,8.2,"4",0.070626535,0.045199005,2.542753,2,2,18,"7.5YR","7.5YR","6",6,"VE"
"90",25,25,"R",NA,NA,NA,NA,NA,NA,NA,NA,NA,NA,NA,NA,NA,NA,NA,3,3,0,NA,NA,NA,NA,NA
"97",0,4,"A","2",6,"2","2",4,"2","LS",80,"VF",9,NA,NA,0.115212831,0.053010335,6.220249533,1,1,4,"7.5YR","7.5YR","4",4,NA
"97",4,55,"BwA","3",6,"3","3",4,"2","SL",78,"VF",10,NA,NA,0.130069932,0.056998554,7.307137782,2,2,51,"5YR","5YR","6",4,NA
"97",55,97,"Bk","3",7,"2","3",4,"3","SL",75,"VF",10,NA,NA,0.142929541,0.060082649,8.284689241,3,3,42,"5YR","5YR","4",6,NA
"97",97,145,"Bk","2",7,"2","3",4,"3","SL",77,"VF",9,NA,NA,0.129462962,0.055123567,7.433939462,4,4,48,"7.5YR","5YR","4",6,NA
"97",145,145,"R",NA,NA,NA,NA,NA,NA,NA,NA,NA,NA,NA,NA,NA,NA,NA,5,5,0,NA,NA,NA,NA,NA
"98",0,4,"A","3",6,"2","3",4,"2","SL",74,"VF",9,7.4,"0",0.142605442,0.05848146,8.412398238,1,1,4,"5YR","5YR","4",4,"NE"
"98",4,39,"ABt or ABw","3",5,"3","3",3,"2","SL",64,"VF",17,7.6,"0",0.195693344,0.089391729,10.63016152,2,2,35,"5YR","5YR","6",4,"NE"
"98",39,56,"Bk","3",7,"3","3",5,"3","SL",68,"VF",15,8.1,"4",0.182952897,0.081681722,10.12711746,3,3,17,"5YR","5YR","6",6,"VE"
"98",56,84,"Bk","3",8,"2","3",6,"3","SL",70,"F",13,8.2,"4",0.171474793,0.074255732,9.721906099,4,4,28,"5YR","5YR","4",6,"VE"
"98",84,152,"BCk","3",7,"2","3",6,"3","SL",75,"F",9,8.3,"4",0.138390117,0.057281568,8.110854892,5,5,68,"5YR","5YR","4",6,"VE"
"100",0,5,NA,"2",6,"2","2",3,"2","SL",76,"VF",9,7.8,"0",0.134006102,0.056152151,7.785395072,1,1,5,"7.5YR","7.5YR","4",3,"NE"
"100",5,52,NA,"3",5,"3","3",4,"2","SL",70,"VF",10,8,"0",0.160883369,0.065950224,9.493314452,2,2,47,"5YR","5YR","6",4,"NE"
"100",52,108,NA,"3",6,"2","3",4,"2","SL",70,"VF",12,8.1,"4",0.167856754,0.071423555,9.643319988,3,3,56,"5YR","5YR","4",4,"VE"
"100",108,155,NA,"3",6,"3","3",4,"3","SL",76,"F",15,8.2,"4",0.164025678,0.074029003,8.999667523,4,4,47,"5YR","5YR","6",6,"VE"
